word_count,char_count,sentence_count,avg_word_length,avg_sentence_length,sentence_variance,type_token_ratio,hapax_ratio,long_word_ratio,short_word_ratio,repetition_ratio,top5_word_freq,question_count,exclamation_count,comma_count,colon_count,semicolon_count,comma_rate,colon_rate,bullet_count,numbered_list_count,markdown_headers,code_blocks,has_bold,paragraph_count,avg_paragraph_length,list_density,capitalized_ratio,all_caps_words,hedge_rate,formality_rate,filler_rate,empathy_rate,first_person_rate,second_person_rate,readability,starts_with_sure,starts_with_certainly,starts_with_here,contains_example,contains_steps,contains_summary,contains_conclusion,parentheses_count,quote_count,model
345,2165,11,5.220289855072464,31.363636363636363,15.226770683718378,0.5681159420289855,0.45507246376811594,0.34492753623188405,0.39710144927536234,0.06956521739130435,0.2463768115942029,0,0,21,15,0,0.06086956521739131,0.043478260869565216,18,7,0,0,1,3,115.0,2.272727272727273,0.10434782608695652,0,0.005797101449275362,0.0,0.002898550724637681,0.0,0.0,0.0,20.915029190992527,0,0,0,0,0,0,0,10,4,llama-3.3-70b-versatile
510,3501,33,5.862745098039215,15.454545454545455,9.682751768902362,0.5392156862745098,0.4196078431372549,0.37254901960784315,0.3588235294117647,0.08823529411764706,0.2235294117647059,0,0,66,11,0,0.12941176470588237,0.021568627450980392,0,10,0,0,1,3,170.0,0.30303030303030304,0.06862745098039216,0,0.0,0.0,0.0,0.00196078431372549,0.0,0.0,17.227426470588256,0,0,0,0,0,0,0,0,1,llama-3.3-70b-versatile
371,2588,35,5.948787061994609,10.6,8.633723210214017,0.6145552560646901,0.477088948787062,0.40431266846361186,0.3045822102425876,0.04851752021563342,0.1509433962264151,0,0,21,22,0,0.05660377358490566,0.05929919137466307,0,16,0,0,1,12,30.916666666666668,0.45714285714285713,0.05929919137466307,2,0.0026954177897574125,0.0,0.0,0.026954177897574125,0.0,0.016172506738544475,31.06799953123172,0,0,0,0,1,0,0,0,0,llama-3.3-70b-versatile
475,2852,30,4.997894736842105,15.833333333333334,10.50363921608169,0.5010526315789474,0.3705263157894737,0.25473684210526315,0.37473684210526315,0.08,0.20421052631578948,0,0,30,17,0,0.06315789473684211,0.035789473684210524,5,10,0,0,1,5,95.0,0.5,0.05894736842105263,0,0.002105263157894737,0.0,0.0,0.0,0.0,0.0,58.83833333333335,0,0,0,1,0,0,0,8,2,llama-3.3-70b-versatile
300,1750,17,4.816666666666666,17.647058823529413,9.243439644990831,0.5033333333333333,0.36666666666666664,0.24,0.41,0.11666666666666667,0.25666666666666665,0,0,16,4,0,0.05333333333333334,0.013333333333333334,0,3,0,0,0,7,42.857142857142854,0.17647058823529413,0.06666666666666667,1,0.0033333333333333335,0.0,0.0,0.0,0.0,0.0,54.84100000000004,0,0,0,0,0,0,0,2,6,llama-3.3-70b-versatile
419,2986,31,6.114558472553699,13.516129032258064,10.651669564726884,0.548926014319809,0.3937947494033413,0.42720763723150357,0.3198090692124105,0.05489260143198091,0.17422434367541767,0,0,27,17,0,0.06443914081145585,0.0405727923627685,0,14,0,0,1,7,59.857142857142854,0.45161290322580644,0.0477326968973747,0,0.016706443914081145,0.0,0.0,0.011933174224343675,0.0,0.00954653937947494,17.178387231503592,0,0,0,0,1,0,0,0,4,llama-3.3-70b-versatile
387,2501,34,5.447028423772609,11.382352941176471,9.231089452373341,0.5581395348837209,0.42377260981912146,0.330749354005168,0.3385012919896641,0.06976744186046512,0.1937984496124031,0,0,31,19,0,0.08010335917312661,0.04909560723514212,0,15,0,0,1,8,48.375,0.4411764705882353,0.09302325581395349,0,0.0,0.0,0.0,0.015503875968992248,0.0,0.04392764857881137,51.69650634249473,0,0,0,1,0,0,1,0,0,llama-3.3-70b-versatile
377,2730,23,6.23342175066313,16.391304347826086,13.995905668947298,0.5490716180371353,0.44297082228116713,0.44297082228116713,0.3129973474801061,0.07692307692307693,0.22015915119363394,0,0,31,9,0,0.08222811671087533,0.023872679045092837,4,7,0,0,1,5,75.4,0.4782608695652174,0.058355437665782495,0,0.002652519893899204,0.0,0.0,0.010610079575596816,0.0,0.0,21.26175682069075,0,0,0,1,0,0,0,0,1,llama-3.3-70b-versatile
380,2673,21,6.028947368421052,18.095238095238095,13.776446428251235,0.5263157894736842,0.40789473684210525,0.39210526315789473,0.2789473684210526,0.07368421052631578,0.23421052631578948,0,0,40,8,0,0.10526315789473684,0.021052631578947368,0,7,0,0,1,4,95.0,0.3333333333333333,0.042105263157894736,2,0.03684210526315789,0.0,0.002631578947368421,0.005263157894736842,0.0,0.0,25.502192982456137,0,0,0,1,0,0,0,2,3,llama-3.3-70b-versatile
481,3397,29,6.039501039501039,16.586206896551722,10.815059742848364,0.49480249480249483,0.35343035343035345,0.44282744282744285,0.2972972972972973,0.06860706860706861,0.20374220374220375,0,0,27,17,0,0.056133056133056136,0.035343035343035345,0,10,0,0,1,13,37.0,0.3448275862068966,0.06652806652806653,2,0.008316008316008316,0.0,0.002079002079002079,0.002079002079002079,0.0,0.0,15.443409090909114,0,0,0,0,1,1,1,2,7,llama-3.3-70b-versatile
631,3488,44,4.51188589540412,14.340909090909092,6.257806963429228,0.4231378763866878,0.27416798732171155,0.19334389857369255,0.4215530903328051,0.060221870047543584,0.19968304278922344,4,0,43,1,0,0.06814580031695722,0.001584786053882726,0,0,0,0,1,12,52.583333333333336,0.0,0.09667194928684628,0,0.003169572107765452,0.0,0.001584786053882726,0.001584786053882726,0.0,0.0,72.11636291025272,0,0,0,0,0,0,0,0,19,llama-3.3-70b-versatile
531,3137,25,4.892655367231638,21.24,8.344259503794609,0.5499058380414312,0.4463276836158192,0.263653483992467,0.3804143126177024,0.09981167608286252,0.24105461393596986,2,0,56,3,0,0.10546139359698682,0.005649717514124294,0,0,0,0,0,10,53.1,0.0,0.06779661016949153,0,0.0018832391713747645,0.0,0.0,0.0,0.0,0.0,53.35775593220342,0,0,0,0,1,0,0,0,8,llama-3.3-70b-versatile
586,3205,36,4.447098976109215,16.27777777777778,9.897410275356386,0.4539249146757679,0.3395904436860068,0.1757679180887372,0.4539249146757679,0.06484641638225255,0.19795221843003413,5,0,39,0,0,0.06655290102389079,0.0,0,0,0,0,1,15,39.06666666666667,0.0,0.08361774744027303,0,0.0034129692832764505,0.0,0.0,0.0,0.0,0.0,74.71250752860873,0,0,0,0,0,0,0,0,14,llama-3.3-70b-versatile
698,3752,45,4.362464183381089,15.511111111111111,6.118526263436616,0.4269340974212034,0.3008595988538682,0.17478510028653296,0.42263610315186245,0.07306590257879657,0.19197707736389685,0,0,57,0,0,0.08166189111747851,0.0,0,0,0,0,0,11,63.45454545454545,0.0,0.09742120343839542,0,0.0014326647564469914,0.0,0.0,0.004297994269340974,0.0,0.0014326647564469914,80.43248296720792,0,0,0,0,1,0,0,0,13,llama-3.3-70b-versatile
384,2305,59,4.963541666666667,6.508474576271187,6.670678707045048,0.5859375,0.4479166666666667,0.23697916666666666,0.3776041666666667,0.0546875,0.17447916666666666,5,0,26,5,0,0.06770833333333333,0.013020833333333334,0,0,0,0,1,17,22.58823529411765,0.0,0.140625,2,0.005208333333333333,0.0,0.0,0.0026041666666666665,0.005208333333333333,0.013020833333333334,76.80633724978243,0,0,0,0,0,0,0,0,21,llama-3.3-70b-versatile
909,4519,66,3.8745874587458746,13.772727272727273,9.95927605236342,0.2145214521452145,0.11221122112211221,0.11991199119911991,0.48404840484048406,0.08030803080308031,0.25192519251925194,0,0,36,18,17,0.039603960396039604,0.019801980198019802,37,15,1,2,1,10,90.9,0.7878787878787878,0.09020902090209021,3,0.0,0.0,0.0,0.0,0.0,0.0011001100110011,84.50571188811192,0,0,0,1,1,0,0,66,5,llama-3.3-70b-versatile
322,1940,25,5.003105590062112,12.88,8.608716512930368,0.4751552795031056,0.2981366459627329,0.30124223602484473,0.3198757763975155,0.08695652173913043,0.2236024844720497,0,0,10,7,0,0.031055900621118012,0.021739130434782608,3,7,0,0,1,9,35.77777777777778,0.4,0.08695652173913043,0,0.0,0.0,0.003105590062111801,0.0,0.0,0.012422360248447204,63.3479443573668,0,0,0,0,1,0,0,20,7,llama-3.3-70b-versatile
387,2873,48,5.69250645994832,8.0625,11.314002339409791,0.39276485788113696,0.19121447028423771,0.2971576227390181,0.43669250645994834,0.06976744186046512,0.20930232558139536,0,0,6,38,0,0.015503875968992248,0.09819121447028424,2,6,6,4,1,30,12.9,0.16666666666666666,0.1111111111111111,4,0.0,0.0,0.0,0.0,0.0,0.0,63.66345238095241,0,0,0,1,0,1,0,96,0,llama-3.3-70b-versatile
779,5078,57,5.2528883183568675,13.666666666666666,10.075218363026016,0.38125802310654683,0.2336328626444159,0.25673940949935814,0.3632862644415918,0.08472400513478819,0.220795892169448,0,0,37,38,0,0.04749679075738126,0.04878048780487805,13,4,8,2,1,26,29.96153846153846,0.2982456140350877,0.07958921694480103,1,0.0012836970474967907,0.0,0.0,0.0,0.0,0.0,56.24181940700811,0,0,0,1,1,0,0,52,20,llama-3.3-70b-versatile
721,5590,58,6.273231622746186,12.431034482758621,10.122794173916475,0.42441054091539526,0.2787794729542302,0.37586685159500693,0.361997226074896,0.04576976421636616,0.18307905686546463,0,6,49,39,0,0.06796116504854369,0.05409153952843273,10,0,27,10,1,43,16.767441860465116,0.1724137931034483,0.10818307905686546,4,0.0,0.0,0.0,0.0,0.0,0.0,36.94254932455101,0,0,0,1,0,1,0,112,60,llama-3.3-70b-versatile
512,3624,35,6.0625,14.628571428571428,10.741813376792987,0.474609375,0.30859375,0.43359375,0.345703125,0.060546875,0.21875,1,0,41,15,0,0.080078125,0.029296875,0,11,0,0,1,10,51.2,0.3142857142857143,0.0859375,3,0.0,0.0,0.00390625,0.001953125,0.0,0.0,25.90902644230772,0,0,0,0,0,0,1,10,1,llama-3.3-70b-versatile
507,3597,35,6.088757396449704,14.485714285714286,9.543531400725765,0.5108481262327417,0.3708086785009862,0.4240631163708087,0.34122287968441817,0.07889546351084813,0.21696252465483234,0,0,33,13,0,0.0650887573964497,0.02564102564102564,0,11,0,0,1,5,101.4,0.3142857142857143,0.04930966469428008,0,0.0,0.0,0.0,0.0019723865877712033,0.0,0.0,15.715888757396442,0,0,0,0,0,0,0,2,1,llama-3.3-70b-versatile
608,3713,34,5.097039473684211,17.88235294117647,11.23675691124236,0.4621710526315789,0.3371710526315789,0.29605263157894735,0.3717105263157895,0.0756578947368421,0.2236842105263158,0,0,27,14,0,0.044407894736842105,0.023026315789473683,0,10,0,0,1,8,76.0,0.29411764705882354,0.0756578947368421,0,0.0,0.0,0.0,0.001644736842105263,0.0,0.0,41.91192738791423,0,0,0,0,0,0,0,0,8,llama-3.3-70b-versatile
548,3330,33,5.0510948905109485,16.606060606060606,8.78186837302929,0.4562043795620438,0.3029197080291971,0.2937956204379562,0.3722627737226277,0.08394160583941605,0.22445255474452555,0,0,19,12,0,0.03467153284671533,0.021897810218978103,6,8,0,0,1,16,34.25,0.42424242424242425,0.06934306569343066,0,0.0018248175182481751,0.0,0.0,0.0,0.0,0.0,50.35058972256391,0,0,0,0,0,0,0,2,2,llama-3.3-70b-versatile
535,3339,29,5.226168224299065,18.448275862068964,11.462940930595652,0.4523364485981308,0.3252336448598131,0.33271028037383177,0.4205607476635514,0.09158878504672897,0.2523364485981308,0,0,24,9,0,0.044859813084112146,0.016822429906542057,0,7,0,0,1,10,53.5,0.2413793103448276,0.0691588785046729,6,0.0,0.0,0.0,0.001869158878504673,0.0,0.0,37.93793029595017,0,0,0,0,0,1,0,4,2,llama-3.3-70b-versatile
487,3383,25,5.93223819301848,19.48,14.6972786596703,0.4948665297741273,0.3655030800821355,0.4209445585215606,0.3203285420944558,0.06570841889117043,0.2135523613963039,0,0,29,13,0,0.059548254620123205,0.026694045174537988,0,9,0,0,1,9,54.111111111111114,0.36,0.04722792607802875,1,0.01642710472279261,0.0,0.0,0.0,0.0,0.0,8.61016141911935,0,0,0,0,0,0,1,0,5,llama-3.3-70b-versatile
473,3315,33,6.002114164904863,14.333333333333334,9.904754750455291,0.5306553911205074,0.38054968287526425,0.39323467230443976,0.3276955602536998,0.0507399577167019,0.1543340380549683,0,0,28,14,0,0.05919661733615222,0.02959830866807611,0,12,0,0,1,5,94.6,0.36363636363636365,0.05496828752642706,0,0.02536997885835095,0.0,0.0,0.004228329809725159,0.0,0.0,17.119021049728843,0,0,0,0,1,0,1,0,1,llama-3.3-70b-versatile
464,3546,36,6.625,12.88888888888889,10.427375447837234,0.5431034482758621,0.41163793103448276,0.4525862068965517,0.2672413793103448,0.05603448275862069,0.2025862068965517,0,0,22,20,0,0.04741379310344827,0.04310344827586207,0,16,0,0,1,10,46.4,0.4444444444444444,0.04310344827586207,0,0.010775862068965518,0.0,0.0,0.0021551724137931034,0.0,0.0,-4.961609195402275,0,0,0,0,0,0,1,0,2,llama-3.3-70b-versatile
554,3971,36,6.153429602888087,15.38888888888889,10.117249139896188,0.5018050541516246,0.33754512635379064,0.4259927797833935,0.3176895306859206,0.05415162454873646,0.16787003610108303,0,0,23,17,0,0.04151624548736462,0.030685920577617327,0,12,0,0,1,10,55.4,0.3333333333333333,0.0776173285198556,14,0.03429602888086643,0.0,0.0018050541516245488,0.01263537906137184,0.0,0.0,17.572241609840887,0,0,0,0,0,0,1,2,4,llama-3.3-70b-versatile
484,3279,29,5.762396694214876,16.689655172413794,13.959388669268595,0.5557851239669421,0.42768595041322316,0.378099173553719,0.34297520661157027,0.06818181818181818,0.1962809917355372,0,0,41,16,0,0.08471074380165289,0.03305785123966942,0,12,0,0,1,8,60.5,0.41379310344827586,0.07024793388429752,20,0.02066115702479339,0.0,0.002066115702479339,0.008264462809917356,0.0,0.0,24.364334493257957,0,0,0,0,0,0,0,2,1,llama-3.3-70b-versatile
619,3628,33,4.8481421647819065,18.757575757575758,6.328297439663253,0.45718901453957994,0.3376413570274637,0.24232633279483037,0.42487883683360256,0.05654281098546042,0.2148626817447496,0,0,38,1,0,0.061389337641357025,0.0016155088852988692,0,0,0,0,0,10,61.9,0.0,0.07754442649434572,0,0.004846526655896607,0.0,0.0016155088852988692,0.0032310177705977385,0.0,0.0,51.53402506486515,0,0,0,0,0,0,0,0,6,llama-3.3-70b-versatile
766,4510,49,4.870757180156658,15.63265306122449,5.2149379892087415,0.4869451697127937,0.3838120104438642,0.2519582245430809,0.4255874673629243,0.07049608355091384,0.21279373368146215,0,0,66,0,0,0.08616187989556136,0.0,0,0,0,0,0,15,51.06666666666667,0.0,0.10052219321148825,0,0.0026109660574412533,0.0,0.0,0.0013054830287206266,0.0,0.0,61.858979858261876,0,0,0,0,1,0,0,0,12,llama-3.3-70b-versatile
706,4021,33,4.682719546742209,21.393939393939394,6.717655390044501,0.43059490084985835,0.3002832861189802,0.22521246458923513,0.4518413597733711,0.0764872521246459,0.24220963172804533,0,0,45,0,0,0.06373937677053824,0.0,0,0,0,0,0,11,64.18181818181819,0.0,0.05524079320113314,0,0.0056657223796034,0.0,0.0,0.0028328611898017,0.0,0.0028328611898017,60.97624216670961,0,0,0,0,1,0,0,0,12,llama-3.3-70b-versatile
665,3913,37,4.8691729323308275,17.972972972972972,6.105553028004734,0.48872180451127817,0.3684210526315789,0.25263157894736843,0.3774436090225564,0.12481203007518797,0.24210526315789474,0,0,75,1,1,0.11278195488721804,0.0015037593984962407,0,0,0,0,0,12,55.416666666666664,0.0,0.07368421052631578,0,0.0,0.0,0.0,0.0,0.0,0.0,58.62105295340592,0,0,0,0,1,0,0,0,7,llama-3.3-70b-versatile
597,3478,29,4.807370184254606,20.586206896551722,5.972638762984368,0.5192629815745393,0.38190954773869346,0.23618090452261306,0.38358458961474035,0.05695142378559464,0.22110552763819097,0,0,46,1,1,0.07705192629815745,0.0016750418760469012,0,0,0,0,1,13,45.92307692307692,0.0,0.08710217755443886,2,0.0016750418760469012,0.0,0.0,0.0,0.0,0.0,60.95306532663318,0,0,0,0,0,0,0,0,26,llama-3.3-70b-versatile
526,3239,25,4.821292775665399,21.04,20.04769313412394,0.43155893536121676,0.2832699619771863,0.279467680608365,0.47338403041825095,0.07984790874524715,0.188212927756654,0,1,29,22,0,0.055133079847908745,0.04182509505703422,7,4,1,2,1,17,30.941176470588236,0.44,0.060836501901140684,3,0.0,0.0,0.0,0.0,0.005703422053231939,0.0,45.0599283289325,0,0,0,1,1,0,0,26,4,llama-3.3-70b-versatile
535,3517,48,5.549532710280374,11.145833333333334,12.115120819961701,0.4747663551401869,0.3177570093457944,0.35887850467289717,0.34579439252336447,0.044859813084112146,0.16635514018691588,0,0,31,28,0,0.05794392523364486,0.052336448598130844,4,21,0,0,1,15,35.666666666666664,0.5208333333333334,0.13271028037383178,31,0.0,0.0,0.0,0.0,0.0,0.0,47.56864406779661,0,0,0,0,0,0,0,10,0,llama-3.3-70b-versatile
781,5368,58,5.613316261203585,13.46551724137931,7.90821897804548,0.3969270166453265,0.23943661971830985,0.3725992317541613,0.33674775928297057,0.06274007682458387,0.17541613316261204,0,0,27,28,7,0.034571062740076826,0.03585147247119078,10,9,10,4,1,32,24.40625,0.3275862068965517,0.13700384122919335,6,0.0,0.0,0.0,0.0,0.0,0.0,36.048975225225234,0,0,0,1,1,0,1,30,17,llama-3.3-70b-versatile
556,4042,52,5.622302158273381,10.692307692307692,9.87394151113471,0.4748201438848921,0.2787769784172662,0.28597122302158273,0.39568345323741005,0.04136690647482014,0.1510791366906475,0,0,25,29,0,0.044964028776978415,0.052158273381294966,6,6,6,2,1,25,22.24,0.23076923076923078,0.12589928057553956,27,0.0,0.0,0.0,0.0,0.0,0.0,57.57430137684855,0,0,0,1,0,0,0,80,49,llama-3.3-70b-versatile
517,3829,43,6.321083172147002,12.023255813953488,7.878507146761533,0.4564796905222437,0.2727272727272727,0.4506769825918762,0.28820116054158607,0.05222437137330754,0.16054158607350097,0,0,28,23,0,0.05415860735009671,0.04448742746615087,8,14,3,0,1,16,32.3125,0.5116279069767442,0.10251450676982592,3,0.0,0.0,0.0,0.0,0.0,0.005802707930367505,40.75561379482073,0,0,0,0,0,0,0,6,2,llama-3.3-70b-versatile
485,3521,47,6.239175257731959,10.319148936170214,9.522649372093346,0.5237113402061856,0.36907216494845363,0.48041237113402063,0.3422680412371134,0.06391752577319587,0.21030927835051547,0,0,30,26,0,0.061855670103092786,0.05360824742268041,0,20,0,0,1,12,40.416666666666664,0.425531914893617,0.026804123711340205,3,0.0,0.0,0.0,0.002061855670103093,0.0,0.0,20.170619834710777,0,0,0,0,1,0,0,12,2,llama-3.3-70b-versatile
440,3101,28,6.029545454545454,15.714285714285714,12.243992155965469,0.5204545454545455,0.3704545454545455,0.42954545454545456,0.34545454545454546,0.075,0.2159090909090909,0,0,24,17,0,0.05454545454545454,0.038636363636363635,0,12,0,0,1,10,44.0,0.42857142857142855,0.07727272727272727,5,0.01818181818181818,0.0,0.0,0.004545454545454545,0.0,0.0,20.49636363636364,0,0,0,0,0,1,0,4,2,llama-3.3-70b-versatile
490,3438,28,6.014285714285714,17.5,10.912106766068323,0.5,0.3551020408163265,0.37142857142857144,0.26326530612244897,0.05102040816326531,0.15918367346938775,0,0,26,9,0,0.053061224489795916,0.018367346938775512,0,8,0,0,1,3,163.33333333333334,0.2857142857142857,0.04693877551020408,3,0.0,0.0,0.0,0.0020408163265306124,0.0020408163265306124,0.0,33.63411564625852,0,0,0,0,0,0,0,14,0,llama-3.3-70b-versatile
563,3762,33,5.664298401420959,17.060606060606062,12.698275950742767,0.4369449378330373,0.28063943161634103,0.3641207815275311,0.3428063943161634,0.06394316163410302,0.1989342806394316,0,0,45,11,0,0.07992895204262877,0.019538188277087035,0,10,0,0,1,12,46.916666666666664,0.30303030303030304,0.17584369449378331,4,0.003552397868561279,0.0,0.0,0.0,0.0,0.0,33.058894686204866,0,0,0,0,1,0,0,4,6,llama-3.3-70b-versatile
517,3641,36,6.02321083172147,14.36111111111111,10.343466613631119,0.5164410058027079,0.3771760154738878,0.42359767891682787,0.32688588007736946,0.08317214700193423,0.1895551257253385,0,0,30,20,0,0.058027079303675046,0.03868471953578337,2,12,0,0,1,10,51.7,0.3888888888888889,0.13152804642166344,33,0.0,0.0,0.0,0.0,0.0,0.0,24.681416756562413,0,0,0,0,1,0,0,20,10,llama-3.3-70b-versatile
575,3873,33,5.723478260869565,17.424242424242426,11.333110514743687,0.4295652173913043,0.2991304347826087,0.3982608695652174,0.3443478260869565,0.04521739130434783,0.21391304347826087,0,0,25,16,0,0.043478260869565216,0.02782608695652174,0,11,0,0,1,9,63.888888888888886,0.3333333333333333,0.06782608695652174,3,0.010434782608695653,0.0,0.0,0.0017391304347826088,0.0,0.0,19.586695652173916,0,0,0,1,0,0,1,2,5,llama-3.3-70b-versatile
460,3463,31,6.51304347826087,14.838709677419354,11.555941543043414,0.5108695652173914,0.3782608695652174,0.47608695652173916,0.3108695652173913,0.06304347826086956,0.1934782608695652,0,0,30,18,0,0.06521739130434782,0.0391304347826087,0,13,0,0,1,9,51.111111111111114,0.41935483870967744,0.06304347826086956,2,0.010869565217391304,0.0,0.004347826086956522,0.008695652173913044,0.0,0.0,7.309492753623232,0,0,0,0,0,0,1,2,0,llama-3.3-70b-versatile
533,3834,34,6.174484052532833,15.676470588235293,12.423168511475954,0.5028142589118199,0.3602251407129456,0.44840525328330205,0.29831144465290804,0.05065666041275797,0.2270168855534709,0,0,35,18,0,0.06566604127579738,0.03377110694183865,0,13,0,0,1,12,44.416666666666664,0.38235294117647056,0.043151969981238276,2,0.013133208255159476,0.0,0.0,0.0,0.0,0.0,10.621545803083478,0,0,0,1,0,0,1,2,5,llama-3.3-70b-versatile
528,3892,32,6.356060606060606,16.5,11.796664372719123,0.5321969696969697,0.39204545454545453,0.45265151515151514,0.32007575757575757,0.06060606060606061,0.19507575757575757,0,0,34,18,0,0.06439393939393939,0.03409090909090909,0,13,0,0,1,10,52.8,0.40625,0.054924242424242424,14,0.011363636363636364,0.0,0.0,0.005681818181818182,0.0,0.0,5.263636363636408,0,0,0,0,1,0,1,2,2,llama-3.3-70b-versatile
462,3311,29,6.151515151515151,15.931034482758621,11.637166550333335,0.5281385281385281,0.38311688311688313,0.3961038961038961,0.30303030303030304,0.06493506493506493,0.19480519480519481,0,0,30,17,0,0.06493506493506493,0.0367965367965368,0,12,0,0,1,9,51.333333333333336,0.41379310344827586,0.04112554112554113,0,0.004329004329004329,0.0,0.0021645021645021645,0.0021645021645021645,0.0,0.0,18.949538961038996,0,0,0,0,0,0,1,0,1,llama-3.3-70b-versatile
1346,8880,123,5.488855869242199,10.94308943089431,6.148437093158276,0.42050520059435365,0.27934621099554235,0.32838038632986627,0.3224368499257058,0.05200594353640416,0.1485884101040119,19,0,92,30,1,0.06835066864784546,0.022288261515601784,31,7,6,0,1,32,42.0625,0.3089430894308943,0.12035661218424963,6,0.008172362555720654,0.0,0.0,0.004457652303120356,0.007429420505200594,0.0,46.854622377622405,0,0,0,0,0,1,0,36,48,qwen/qwen3-32b
1002,7039,98,5.992015968063872,10.224489795918368,7.025186871434948,0.5329341317365269,0.39520958083832336,0.3932135728542914,0.28642714570858285,0.05289421157684631,0.12674650698602793,9,0,113,15,0,0.11277445109780439,0.014970059880239521,18,0,7,0,1,27,37.111111111111114,0.1836734693877551,0.11277445109780439,1,0.005988023952095809,0.0,0.0,0.0,0.005988023952095809,0.0,31.508627292884512,0,0,0,1,0,0,1,20,22,qwen/qwen3-32b
923,6926,100,6.358613217768148,9.23,5.66302021714544,0.5677139761646804,0.4301191765980498,0.4452871072589382,0.27302275189599134,0.04008667388949079,0.13434452871072589,2,0,62,36,1,0.06717226435536294,0.0390032502708559,37,0,6,0,1,32,28.84375,0.37,0.12351029252437704,10,0.007583965330444204,0.0,0.0,0.0032502708559046588,0.005417118093174431,0.0,23.682338192502215,0,0,0,1,1,0,0,30,8,qwen/qwen3-32b
847,5763,62,5.7225501770956315,13.661290322580646,6.952813688819305,0.5702479338842975,0.4380165289256198,0.36481700118063753,0.28807556080283353,0.06375442739079103,0.1652892561983471,1,0,70,24,0,0.08264462809917356,0.02833530106257379,20,3,4,0,1,17,49.8235294117647,0.3709677419354839,0.12868949232585597,1,0.0011806375442739079,0.0,0.0,0.0035419126328217238,0.0035419126328217238,0.0,43.320191605839426,0,0,0,1,0,1,0,16,11,qwen/qwen3-32b
1064,7110,96,5.62593984962406,11.083333333333334,6.841429200742484,0.46146616541353386,0.30545112781954886,0.37969924812030076,0.32706766917293234,0.05169172932330827,0.13345864661654136,4,0,83,16,0,0.07800751879699248,0.015037593984962405,18,0,6,0,1,23,46.26086956521739,0.1875,0.08928571428571429,4,0.008458646616541353,0.0,0.0009398496240601503,0.0,0.004699248120300752,0.0018796992481203006,40.43643505388545,0,0,0,1,0,1,0,20,25,qwen/qwen3-32b
869,6131,82,5.968929804372842,10.597560975609756,7.506064997283914,0.5523590333716916,0.4131185270425777,0.4062140391254315,0.2761795166858458,0.026467203682393557,0.11852704257767549,8,0,64,10,0,0.07364787111622555,0.011507479861910242,13,9,4,0,1,25,34.76,0.2682926829268293,0.10356731875719218,2,0.011507479861910242,0.0,0.0011507479861910242,0.004602991944764097,0.006904487917146145,0.0,30.128419111998795,0,0,0,1,0,0,1,14,10,qwen/qwen3-32b
938,6519,85,5.869936034115138,11.035294117647059,7.19920630545975,0.5415778251599147,0.39658848614072495,0.36673773987206826,0.2857142857142857,0.03837953091684435,0.14072494669509594,1,0,70,20,0,0.07462686567164178,0.021321961620469083,21,11,4,0,1,25,37.52,0.3764705882352941,0.10127931769722814,0,0.009594882729211088,0.0,0.0010660980810234541,0.005330490405117271,0.0042643923240938165,0.0,33.92564725446721,0,0,0,0,0,0,1,32,13,qwen/qwen3-32b
822,6140,81,6.366180048661801,10.148148148148149,6.689221106552368,0.5790754257907542,0.4440389294403893,0.45985401459854014,0.2822384428223844,0.0364963503649635,0.13017031630170317,0,1,47,26,0,0.057177615571776155,0.031630170316301706,27,11,4,0,1,21,39.142857142857146,0.4691358024691358,0.13381995133819952,5,0.00851581508515815,0.0,0.0012165450121654502,0.0036496350364963502,0.0036496350364963502,0.0024330900243309003,24.78482792721519,0,0,0,1,0,0,1,18,6,qwen/qwen3-32b
1269,8736,107,5.833727344365642,11.85981308411215,6.945857063558205,0.42868400315208827,0.29314420803782504,0.37825059101654845,0.2876280535855004,0.028368794326241134,0.1182033096926714,4,0,82,16,0,0.06461780929866036,0.01260835303388495,14,0,8,0,1,23,55.17391304347826,0.1308411214953271,0.09298660362490149,6,0.028368794326241134,0.0,0.0007880220646178094,0.0031520882584712374,0.007880220646178092,0.0,37.05109078993891,0,0,0,1,0,0,1,12,32,qwen/qwen3-32b
1194,8177,99,5.765494137353434,12.06060606060606,7.601142380698523,0.4623115577889447,0.32998324958123953,0.37269681742043553,0.27638190954773867,0.02680067001675042,0.11474036850921274,4,0,77,12,0,0.06448911222780569,0.010050251256281407,19,5,5,0,1,27,44.22222222222222,0.24242424242424243,0.09045226130653267,3,0.022613065326633167,0.0,0.0,0.0008375209380234506,0.006700167504187605,0.0008375209380234506,34.99584863758858,0,0,0,1,1,1,1,30,24,qwen/qwen3-32b
865,5455,64,5.270520231213873,13.515625,8.274794391537606,0.553757225433526,0.44739884393063584,0.3109826589595376,0.32947976878612717,0.06127167630057803,0.1884393063583815,1,0,61,12,1,0.07052023121387284,0.013872832369942197,0,0,0,0,1,14,61.785714285714285,0.0,0.12369942196531791,1,0.010404624277456647,0.0,0.0,0.0011560693641618498,0.003468208092485549,0.0011560693641618498,52.28430373095114,0,0,0,0,0,0,0,6,22,qwen/qwen3-32b
1055,6481,82,5.103317535545024,12.865853658536585,6.567372565564958,0.5289099526066351,0.42274881516587676,0.28151658767772514,0.36208530805687206,0.07962085308056872,0.18293838862559242,8,0,62,26,0,0.058767772511848344,0.024644549763033177,3,0,0,0,1,24,43.958333333333336,0.036585365853658534,0.11184834123222749,1,0.005687203791469194,0.0,0.0,0.0,0.0037914691943127963,0.0009478672985781991,58.13995067612507,0,0,0,0,0,0,0,2,29,qwen/qwen3-32b
1181,7154,93,4.970364098221846,12.698924731182796,7.713987950352057,0.3878069432684166,0.2726502963590178,0.28111769686706184,0.3691786621507197,0.07451312447078746,0.21422523285351397,5,2,55,18,1,0.04657070279424217,0.015241320914479255,13,6,0,0,1,26,45.42307692307692,0.20430107526881722,0.0821337849280271,7,0.01693480101608806,0.0,0.0,0.0,0.003386960203217612,0.0,55.053640864514904,0,0,0,1,0,0,0,12,41,qwen/qwen3-32b
1265,7977,86,5.252173913043478,14.709302325581396,8.454052201874019,0.4553359683794466,0.3438735177865613,0.31541501976284586,0.3533596837944664,0.08379446640316206,0.21739130434782608,15,0,76,27,0,0.06007905138339921,0.021343873517786563,21,0,7,0,1,30,42.166666666666664,0.2441860465116279,0.08932806324110672,0,0.021343873517786563,0.0,0.0007905138339920949,0.0015810276679841897,0.0047430830039525695,0.0015810276679841897,48.44727755871767,0,0,0,1,0,0,0,14,15,qwen/qwen3-32b
1390,8126,149,4.6964028776978415,9.328859060402685,8.039163615798254,0.3410071942446043,0.19280575539568345,0.21798561151079138,0.3971223021582734,0.06906474820143885,0.1474820143884892,3,0,90,29,2,0.06474820143884892,0.020863309352517987,19,13,7,2,1,41,33.90243902439025,0.21476510067114093,0.1158273381294964,10,0.0035971223021582736,0.0,0.0,0.0,0.010071942446043165,0.006474820143884892,74.18306916559219,0,0,0,1,1,0,0,50,26,qwen/qwen3-32b
1657,9176,136,4.521424260712131,12.183823529411764,6.774097629412381,0.3138201569100785,0.19130959565479783,0.19312009656004828,0.3657211828605914,0.08750754375377187,0.20579360289680146,11,6,90,11,0,0.05431502715751358,0.006638503319251659,0,0,0,0,0,29,57.13793103448276,0.0,0.08690404345202173,5,0.006638503319251659,0.0,0.0,0.0,0.008449004224502113,0.011466505733252867,73.32125277493172,0,0,0,1,1,0,0,48,64,qwen/qwen3-32b
1553,9121,133,4.644558918222795,11.676691729323307,5.958053801676203,0.33483580167417903,0.19961365099806824,0.20734063103670317,0.41146168705730846,0.07340631036703155,0.17900837089504185,1,0,104,30,4,0.0669671603348358,0.019317450096587252,14,6,4,0,1,34,45.6764705882353,0.15037593984962405,0.1184803605924018,38,0.0038634900193174502,0.0,0.0,0.0,0.010946555054732776,0.018673535093367676,75.14752000000003,0,0,0,1,0,1,0,28,24,qwen/qwen3-32b
1647,9836,110,4.931390406800243,14.972727272727273,8.361115767691173,0.35640558591378263,0.2246508803885853,0.25561627200971465,0.36247723132969034,0.08986035215543413,0.1973284760170006,6,0,99,12,1,0.060109289617486336,0.007285974499089253,12,7,3,0,1,31,53.12903225806452,0.17272727272727273,0.0734669095324833,4,0.0036429872495446266,0.0006071645415907711,0.0,0.0,0.007285974499089253,0.0012143290831815423,58.154384810410875,0,0,0,1,1,0,0,52,38,qwen/qwen3-32b
1197,9137,139,6.037593984962406,8.611510791366907,5.5978886199490825,0.3842940685045948,0.1946532999164578,0.36758563074352546,0.316624895572264,0.03007518796992481,0.1361737677527151,2,15,78,72,0,0.06516290726817042,0.06015037593984962,8,6,13,12,1,85,14.08235294117647,0.10071942446043165,0.1620718462823726,12,0.002506265664160401,0.0,0.0,0.0,0.01086048454469507,0.0,42.43950650332732,0,0,0,1,0,1,0,182,45,qwen/qwen3-32b
1218,8896,98,6.246305418719212,12.428571428571429,7.989684070499393,0.5139573070607554,0.3825944170771757,0.42610837438423643,0.3054187192118227,0.03940886699507389,0.14614121510673234,12,0,69,19,0,0.05665024630541872,0.015599343185550082,20,10,7,0,1,30,40.6,0.30612244897959184,0.1174055829228243,16,0.006568144499178982,0.0008210180623973727,0.0,0.004105090311986864,0.005747126436781609,0.0,29.943970612178447,0,0,0,1,0,0,1,40,20,qwen/qwen3-32b
1382,9968,88,6.170767004341534,15.704545454545455,8.478135872866623,0.4189580318379161,0.27568740955137483,0.4363241678726483,0.3060781476121563,0.04413892908827786,0.15846599131693198,10,0,75,16,0,0.05426917510853835,0.011577424023154847,16,0,7,0,1,21,65.80952380952381,0.18181818181818182,0.08610709117221418,5,0.007959479015918957,0.0,0.0,0.002170767004341534,0.004341534008683068,0.002894356005788712,18.244629055243564,0,0,0,0,0,1,1,18,35,qwen/qwen3-32b
1419,9460,132,5.513037350246653,10.75,7.512142225990013,0.42565186751233264,0.28400281888653983,0.34178999295278367,0.3460183227625088,0.06553911205073996,0.15926708949964763,6,0,76,46,1,0.053558844256518676,0.03241719520789288,38,24,4,0,1,38,37.3421052631579,0.4696969696969697,0.160676532769556,5,0.01127554615926709,0.0,0.0,0.0,0.014799154334038054,0.0,45.72175068732244,0,0,0,1,0,0,0,22,31,qwen/qwen3-32b
1407,9000,96,5.36318407960199,14.65625,7.487701905428755,0.39303482587064675,0.248045486851457,0.32551528073916136,0.326226012793177,0.07391613361762615,0.16417910447761194,9,0,81,16,0,0.057569296375266525,0.011371712864250177,22,2,5,0,1,22,63.95454545454545,0.25,0.07746979388770434,1,0.0028429282160625444,0.0,0.0,0.0014214641080312722,0.0042643923240938165,0.0021321961620469083,45.81197924754713,0,0,0,1,0,1,0,24,46,qwen/qwen3-32b
1321,8622,94,5.488266464799395,14.053191489361701,6.835184252507658,0.4155942467827404,0.2778198334595004,0.35957607872823616,0.3474640423921272,0.05526116578349735,0.16048448145344435,8,0,75,11,1,0.05677517032551098,0.008327024981074944,12,0,6,0,1,16,82.5625,0.1276595744680851,0.09235427706283118,10,0.002271006813020439,0.0,0.0,0.003028009084027252,0.006056018168054504,0.0,35.81012770393539,0,0,0,0,0,1,0,20,41,qwen/qwen3-32b
1305,9292,126,6.103448275862069,10.357142857142858,6.773393325568592,0.5226053639846743,0.3931034482758621,0.4306513409961686,0.27586206896551724,0.03218390804597701,0.12567049808429118,16,0,79,25,0,0.06053639846743295,0.019157088122605363,4,18,6,0,1,24,54.375,0.1746031746031746,0.10191570881226053,1,0.029118773946360154,0.0,0.0,0.0022988505747126436,0.0022988505747126436,0.0,26.433518154143172,0,0,0,1,1,0,1,10,37,qwen/qwen3-32b
1202,8524,107,6.0357737104825295,11.233644859813085,6.801918158620555,0.5,0.3685524126455907,0.4118136439267887,0.30782029950083195,0.02745424292845258,0.10565723793677205,10,0,92,12,0,0.07653910149750416,0.009983361064891847,14,10,4,0,1,26,46.23076923076923,0.22429906542056074,0.11813643926788686,1,0.024126455906821963,0.0,0.0008319467554076539,0.0,0.0033277870216306157,0.0,28.545370586827687,0,0,0,1,0,1,1,16,28,qwen/qwen3-32b
1297,9783,101,6.383191981495759,12.841584158415841,8.74466173793424,0.48573631457208943,0.3515805705474171,0.42868157286044717,0.27756360832690824,0.03546646106399383,0.11719352351580571,2,0,95,28,0,0.07324595219737856,0.02158828064764842,23,6,5,0,1,29,44.724137931034484,0.2871287128712871,0.11873554356206631,6,0.015420200462606014,0.0,0.0,0.0,0.0038550501156515036,0.0,11.438136200716855,0,0,0,1,0,0,1,18,19,qwen/qwen3-32b
1509,10663,118,6.01325381047051,12.788135593220339,7.051598902446117,0.4784625579854208,0.3426110006626905,0.4148442677269715,0.3015241882041087,0.026507620941020542,0.11928429423459244,7,0,109,11,1,0.07223326706428099,0.00728959575878065,14,12,6,0,1,28,53.892857142857146,0.22033898305084745,0.12060967528164347,48,0.032471835652750164,0.0,0.0006626905235255136,0.0013253810470510272,0.0019880715705765406,0.0,25.147473070490832,0,0,0,1,0,1,1,14,15,qwen/qwen3-32b
1544,10587,114,5.808290155440415,13.543859649122806,8.61903959281785,0.4792746113989637,0.35038860103626945,0.38082901554404147,0.3322538860103627,0.036917098445595854,0.14443005181347152,6,0,114,19,0,0.07383419689119171,0.012305699481865285,14,14,3,0,1,35,44.114285714285714,0.24561403508771928,0.10686528497409327,54,0.03562176165803109,0.0,0.0006476683937823834,0.0012953367875647669,0.0038860103626943004,0.0,31.065674915635583,0,0,0,1,0,0,1,18,36,qwen/qwen3-32b
1469,9117,101,5.1647379169503065,14.544554455445544,8.25874873652597,0.44315861130020423,0.33083730428863173,0.3131381892443839,0.3778080326752893,0.06466984343090537,0.20149761742682096,21,0,85,22,1,0.057862491490810075,0.014976174268209666,7,3,8,0,1,31,47.38709677419355,0.09900990099009901,0.08373042886317222,1,0.013614703880190605,0.0,0.0006807351940095302,0.0013614703880190605,0.005445881552076242,0.0,51.76014464403008,0,0,0,1,0,1,0,8,22,qwen/qwen3-32b
1505,9220,103,5.093687707641196,14.611650485436893,7.287989540860157,0.4611295681063123,0.35083056478405317,0.26976744186046514,0.37275747508305646,0.07840531561461794,0.19269102990033224,8,0,94,22,1,0.06245847176079734,0.014617940199335547,3,0,0,0,1,30,50.166666666666664,0.02912621359223301,0.09435215946843854,2,0.009966777408637873,0.0,0.0,0.00132890365448505,0.0033222591362126247,0.0,58.82534904916426,0,0,0,0,0,0,0,2,53,qwen/qwen3-32b
1536,9788,113,5.313151041666667,13.5929203539823,6.889845768632991,0.4440104166666667,0.328125,0.3196614583333333,0.3567708333333333,0.08268229166666667,0.203125,16,0,96,23,1,0.0625,0.014973958333333334,12,4,0,0,1,30,51.2,0.1415929203539823,0.07942708333333333,1,0.021484375,0.0,0.0,0.001953125,0.004557291666666667,0.0,49.657498344249035,0,0,0,1,0,0,0,10,65,qwen/qwen3-32b
1350,8692,97,5.391851851851852,13.917525773195877,6.514110378295609,0.4711111111111111,0.3548148148148148,0.32,0.34,0.09851851851851852,0.2,5,0,91,24,0,0.0674074074074074,0.017777777777777778,3,5,0,0,1,26,51.92307692307692,0.08247422680412371,0.08888888888888889,0,0.008148148148148147,0.0,0.0,0.0014814814814814814,0.003703703703703704,0.0,48.36623796756896,0,0,0,0,0,0,0,10,25,qwen/qwen3-32b
1359,8604,85,5.295069904341427,15.988235294117647,9.40744386111339,0.459896983075791,0.3465783664459161,0.3318616629874908,0.3384841795437822,0.05592347314201619,0.18101545253863136,8,0,72,26,0,0.052980132450331126,0.01913171449595291,8,4,0,0,1,29,46.86206896551724,0.1411764705882353,0.09345106696100074,1,0.004415011037527594,0.0,0.0,0.002207505518763797,0.002207505518763797,0.0,46.730919309533306,0,0,0,1,1,0,0,4,34,qwen/qwen3-32b
1144,6454,92,4.465909090909091,12.434782608695652,10.966977971572371,0.39073426573426573,0.23164335664335664,0.19318181818181818,0.44405594405594406,0.057692307692307696,0.1486013986013986,7,0,88,25,0,0.07692307692307693,0.021853146853146852,0,0,0,0,0,50,22.88,0.0,0.09615384615384616,21,0.0026223776223776225,0.0,0.0008741258741258741,0.0,0.013111888111888112,0.0034965034965034965,75.40835195787284,0,0,0,1,1,0,0,98,11,qwen/qwen3-32b
1425,10522,142,5.960701754385965,10.035211267605634,7.102770988052509,0.43649122807017543,0.2912280701754386,0.39649122807017545,0.29473684210526313,0.029473684210526315,0.11719298245614035,4,0,86,29,11,0.060350877192982454,0.020350877192982456,28,12,3,0,1,35,40.714285714285715,0.28169014084507044,0.17614035087719299,87,0.011929824561403509,0.0,0.0007017543859649122,0.0014035087719298245,0.007017543859649123,0.0007017543859649122,45.37030075709254,0,0,0,0,0,0,0,62,14,qwen/qwen3-32b
1489,9568,114,5.313633310946944,13.06140350877193,8.524857030664029,0.4110141034251175,0.2639355271994627,0.32303559435862994,0.3707186030893217,0.028206850235057087,0.11752854264607118,5,0,80,30,11,0.053727333781061114,0.020147750167897917,20,0,12,6,1,46,32.369565217391305,0.17543859649122806,0.14372061786433848,31,0.006715916722632639,0.0,0.0,0.0,0.008730691739422432,0.0033579583613163196,44.79740515759315,0,0,0,1,1,1,0,80,28,qwen/qwen3-32b
1504,8923,149,4.757978723404255,10.093959731543624,6.934117682034013,0.3171542553191489,0.17819148936170212,0.23470744680851063,0.43018617021276595,0.05452127659574468,0.15691489361702127,6,0,191,29,0,0.12699468085106383,0.01928191489361702,0,4,0,0,0,37,40.648648648648646,0.026845637583892617,0.17885638297872342,162,0.003989361702127659,0.0,0.0,0.0,0.008643617021276596,0.013962765957446808,71.53354080035773,0,0,0,1,0,0,0,54,65,qwen/qwen3-32b
1375,9886,135,5.9185454545454546,10.185185185185185,8.462958668847712,0.4552727272727273,0.31127272727272726,0.3927272727272727,0.2712727272727273,0.02690909090909091,0.1149090909090909,3,0,86,29,0,0.06254545454545454,0.02109090909090909,37,18,15,0,1,44,31.25,0.4074074074074074,0.15927272727272726,31,0.005090909090909091,0.0,0.0,0.0007272727272727272,0.004363636363636364,0.0,48.88748632367657,0,0,0,1,1,1,0,53,14,qwen/qwen3-32b
1397,10043,125,6.141732283464567,11.176,6.339329363126162,0.44022906227630637,0.30637079455977095,0.4330708661417323,0.2956335003579098,0.05010737294201861,0.13672154617036505,6,0,96,40,1,0.06871868289191124,0.02863278453829635,28,0,4,0,1,34,41.088235294117645,0.224,0.11166785969935576,15,0.008589835361488905,0.0,0.0014316392269148174,0.0007158196134574087,0.010021474588403722,0.0007158196134574087,27.089190072504977,0,0,0,1,1,1,0,62,14,qwen/qwen3-32b
1417,9798,95,5.904022582921666,14.91578947368421,6.989225430365038,0.4135497529992943,0.273817925194072,0.39308398023994356,0.3119266055045872,0.053634438955539876,0.14749470712773466,5,0,63,19,0,0.04446012702893437,0.013408609738884969,13,0,5,0,1,17,83.3529411764706,0.1368421052631579,0.09174311926605505,4,0.0077628793225123505,0.0,0.0007057163020465773,0.0035285815102328866,0.009174311926605505,0.0,28.327867802398572,0,0,0,1,0,1,0,12,53,qwen/qwen3-32b
1360,9863,118,6.222794117647059,11.525423728813559,6.089819757523619,0.45073529411764707,0.30808823529411766,0.42205882352941176,0.25441176470588234,0.02426470588235294,0.1,7,0,73,22,2,0.05367647058823529,0.016176470588235296,19,0,9,0,1,37,36.75675675675676,0.16101694915254236,0.10955882352941176,13,0.014705882352941176,0.0,0.0,0.0007352941176470588,0.006617647058823529,0.0,32.67076179075542,0,0,0,1,0,0,1,32,10,qwen/qwen3-32b
1389,8910,134,5.377969762419006,10.365671641791044,6.270279633984652,0.367170626349892,0.23326133909287258,0.33765298776097913,0.375089992800576,0.08135349172066235,0.1720662347012239,6,0,83,4,2,0.059755219582433405,0.0028797696184305254,0,31,0,0,1,35,39.68571428571428,0.23134328358208955,0.20806335493160547,12,0.004319654427645789,0.0,0.0,0.0007199424046076314,0.007199424046076314,0.0007199424046076314,54.35654456424376,0,0,0,1,0,0,0,12,40,qwen/qwen3-32b
1160,7252,90,5.225,12.88888888888889,7.047192444393342,0.4517241379310345,0.32155172413793104,0.29482758620689653,0.38448275862068965,0.09310344827586207,0.1853448275862069,3,0,56,22,0,0.04827586206896552,0.01896551724137931,25,0,11,0,1,28,41.42857142857143,0.2777777777777778,0.18275862068965518,96,0.004310344827586207,0.0,0.0,0.0,0.005172413793103448,0.0008620689655172414,51.90261113595707,0,0,0,1,1,1,0,54,15,qwen/qwen3-32b
1261,8770,103,5.854084060269627,12.242718446601941,8.392476211341252,0.45836637589214907,0.31958762886597936,0.39333862014274384,0.28786677240285485,0.03409992069785884,0.14195083267248215,5,0,85,14,0,0.06740681998413957,0.011102299762093577,21,11,4,0,1,31,40.67741935483871,0.3106796116504854,0.11974623314829501,22,0.01823949246629659,0.0,0.0007930214115781126,0.0023790642347343376,0.004758128469468675,0.0007930214115781126,26.321969948656005,0,0,0,1,0,0,1,22,17,qwen/qwen3-32b
1086,8006,87,6.358195211786372,12.482758620689655,8.100016335485028,0.4990791896869245,0.35174953959484345,0.4263351749539595,0.26243093922651933,0.049723756906077346,0.1270718232044199,5,0,79,23,1,0.072744014732965,0.02117863720073665,7,8,5,0,1,17,63.88235294117647,0.1724137931034483,0.10773480662983426,21,0.014732965009208104,0.0,0.001841620626151013,0.0027624309392265192,0.004604051565377533,0.0,19.359091046353655,0,0,0,1,0,0,1,18,12,qwen/qwen3-32b
1324,9174,105,5.913897280966768,12.60952380952381,7.680048839893545,0.4871601208459215,0.3474320241691843,0.40483383685800606,0.27416918429003023,0.033987915407854986,0.12915407854984895,5,0,91,16,0,0.06873111782477341,0.012084592145015106,3,13,5,0,1,21,63.04761904761905,0.1523809523809524,0.08157099697885196,4,0.027190332326283987,0.0,0.0,0.0037764350453172208,0.0030211480362537764,0.0007552870090634441,30.573229813664625,0,0,0,1,1,0,1,14,34,qwen/qwen3-32b
1237,9048,105,6.2934518997574775,11.780952380952382,8.461970518439841,0.5198059822150364,0.3839935327405012,0.44300727566693615,0.29345189975747776,0.046079223928860144,0.13419563459983833,5,0,95,36,2,0.07679870654810024,0.02910266774454325,24,3,8,0,1,28,44.17857142857143,0.2571428571428571,0.13985448666127728,26,0.016168148746968473,0.0,0.0,0.0008084074373484236,0.004042037186742118,0.0008084074373484236,16.787132818263018,0,0,0,1,0,0,1,32,11,qwen/qwen3-32b
1146,8158,98,6.06369982547993,11.693877551020408,6.908131488676461,0.4511343804537522,0.28970331588132636,0.36736474694589877,0.2643979057591623,0.027923211169284468,0.1300174520069808,4,0,73,18,0,0.0636998254799302,0.015706806282722512,14,9,4,0,1,23,49.82608695652174,0.23469387755102042,0.09424083769633508,1,0.02181500872600349,0.0,0.0,0.002617801047120419,0.006108202443280977,0.0,32.50000000000003,0,0,0,1,0,0,1,12,12,qwen/qwen3-32b
1045,6899,57,5.533971291866028,18.333333333333332,11.40818199983474,0.5263157894736842,0.3990430622009569,0.3598086124401914,0.3626794258373206,0.05933014354066986,0.18373205741626794,0,0,93,16,5,0.08899521531100478,0.015311004784688996,22,0,7,2,1,26,40.19230769230769,0.38596491228070173,0.08133971291866028,14,0.0028708133971291866,0.0,0.0009569377990430622,0.0009569377990430622,0.0,0.0,33.472560773480694,0,0,0,0,0,1,0,74,0,openai/gpt-oss-120b
1217,8428,98,5.834839769926048,12.418367346938776,8.76732452812392,0.5677896466721446,0.45768282662284304,0.40016433853738703,0.3483976992604766,0.04519309778142974,0.14872637633525063,5,0,102,6,5,0.0838126540673788,0.0049301561216105174,9,12,10,0,1,39,31.205128205128204,0.21428571428571427,0.09367296631059983,5,0.003286770747740345,0.0,0.0,0.0008216926869350862,0.0008216926869350862,0.0,25.536114686166997,0,0,0,1,0,0,0,32,0,openai/gpt-oss-120b
1478,11040,146,6.448579161028417,10.123287671232877,15.266768118564515,0.5886332882273342,0.4884979702300406,0.45669824086603517,0.32408660351826796,0.06698240866035182,0.15426251691474965,1,0,120,2,9,0.08119079837618404,0.0013531799729364006,30,19,21,0,1,33,44.78787878787879,0.3356164383561644,0.12584573748308525,34,0.0013531799729364006,0.0,0.0006765899864682003,0.0013531799729364006,0.0,0.0013531799729364006,6.944347147596147,0,0,0,1,1,0,0,84,0,openai/gpt-oss-120b
728,4840,46,5.607142857142857,15.826086956521738,9.895687832645056,0.6414835164835165,0.5302197802197802,0.36813186813186816,0.33104395604395603,0.06593406593406594,0.17032967032967034,0,0,68,13,7,0.09340659340659341,0.017857142857142856,9,5,3,0,1,10,72.8,0.30434782608695654,0.11126373626373626,3,0.0027472527472527475,0.0,0.0,0.0027472527472527475,0.0,0.0,48.283569423175095,0,0,0,0,0,0,0,38,0,openai/gpt-oss-120b
1445,8738,106,4.975778546712803,13.632075471698114,11.795186098334337,0.457439446366782,0.32664359861591696,0.26782006920415224,0.41453287197231836,0.060207612456747404,0.17854671280276815,2,1,69,11,10,0.04775086505190312,0.007612456747404845,17,7,10,0,1,57,25.350877192982455,0.22641509433962265,0.0671280276816609,17,0.0020761245674740486,0.0,0.0006920415224913495,0.0020761245674740486,0.0,0.009688581314878892,60.49168954239232,0,0,0,1,0,0,0,124,0,openai/gpt-oss-120b
1616,11354,139,5.982673267326732,11.62589928057554,13.70351261356597,0.5618811881188119,0.44863861386138615,0.4158415841584158,0.33292079207920794,0.10829207920792079,0.16027227722772278,9,0,96,3,22,0.0594059405940594,0.0018564356435643563,7,12,11,0,1,35,46.17142857142857,0.1366906474820144,0.11448019801980198,14,0.007425742574257425,0.0,0.0,0.0018564356435643563,0.0,0.0018564356435643563,24.48787735849058,0,0,0,1,1,0,0,64,0,openai/gpt-oss-120b
1147,7259,118,5.282476024411508,9.720338983050848,8.192954966441485,0.5605928509154315,0.4455100261551874,0.3121185701830863,0.3958151700087184,0.08282476024411509,0.17262423714036618,4,1,77,11,3,0.06713164777680906,0.00959023539668701,7,5,6,0,1,25,45.88,0.1016949152542373,0.15170008718395817,2,0.0034873583260680036,0.0,0.0008718395815170009,0.0017436791630340018,0.004359197907585004,0.020924149956408022,54.996570704744386,0,0,0,1,1,0,0,70,0,openai/gpt-oss-120b
1306,9188,107,5.970903522205207,12.205607476635514,8.66564815486558,0.5964777947932619,0.5068912710566615,0.4226646248085758,0.32465543644716693,0.09800918836140889,0.16539050535987748,4,2,133,8,3,0.10183767228177641,0.006125574272588055,13,11,8,0,1,31,42.12903225806452,0.22429906542056074,0.16003062787136293,10,0.0,0.0,0.0,0.0007656967840735069,0.0,0.0038284839203675345,28.936836949969887,0,0,0,1,1,0,0,80,0,openai/gpt-oss-120b
1285,9081,92,6.045914396887159,13.967391304347826,10.350567957716162,0.5610894941634241,0.44980544747081713,0.39455252918287936,0.2926070038910506,0.051361867704280154,0.12996108949416343,1,1,103,13,11,0.08015564202334631,0.010116731517509728,15,7,10,0,1,27,47.592592592592595,0.2391304347826087,0.07626459143968872,6,0.00933852140077821,0.0,0.0,0.0015564202334630351,0.0007782101167315176,0.0031128404669260703,30.715316199898353,0,0,0,1,0,0,0,44,0,openai/gpt-oss-120b
1116,7878,92,6.00179211469534,12.130434782608695,10.745297530350978,0.553763440860215,0.4336917562724014,0.40949820788530467,0.30913978494623656,0.042114695340501794,0.12724014336917563,5,0,68,11,4,0.06093189964157706,0.00985663082437276,15,4,7,0,1,27,41.333333333333336,0.20652173913043478,0.06003584229390681,2,0.004480286738351254,0.0,0.0035842293906810036,0.0008960573476702509,0.0,0.0035842293906810036,24.383922968733117,0,0,0,0,0,0,0,44,0,openai/gpt-oss-120b
1261,7116,81,4.611419508326724,15.567901234567902,8.284989401484836,0.4980174464710547,0.3774781919111816,0.20222045995241872,0.38620142743854086,0.0753370340999207,0.20697858842188738,3,0,87,13,5,0.0689928628072958,0.010309278350515464,3,0,6,0,1,42,30.023809523809526,0.037037037037037035,0.08881839809674862,3,0.0031720856463124504,0.0,0.0,0.0023790642347343376,0.0023790642347343376,0.0055511498810467885,75.78582229384908,0,0,0,0,0,0,0,0,0,openai/gpt-oss-120b
1236,7659,83,5.1545307443365695,14.891566265060241,9.825916423348243,0.5355987055016181,0.42961165048543687,0.28317152103559873,0.34870550161812297,0.08576051779935275,0.20307443365695793,2,0,88,14,2,0.07119741100323625,0.011326860841423949,0,0,5,0,1,50,24.72,0.0,0.07686084142394822,3,0.0016181229773462784,0.0,0.0,0.0,0.0,0.0008090614886731392,59.37603858419752,0,0,0,0,1,0,0,2,0,openai/gpt-oss-120b
1826,10410,168,4.664841182913472,10.869047619047619,7.6474363961483025,0.4709748083242059,0.348302300109529,0.21358159912376778,0.3904709748083242,0.07119386637458927,0.1823658269441402,13,3,142,12,1,0.07776560788608981,0.0065717415115005475,0,3,7,0,1,68,26.852941176470587,0.017857142857142856,0.10131434830230011,7,0.001095290251916758,0.0,0.000547645125958379,0.0038335158817086527,0.008762322015334063,0.0038335158817086527,77.98108887646731,0,0,0,0,1,0,0,0,0,openai/gpt-oss-120b
445,2538,22,4.676404494382022,20.227272727272727,11.697208014080767,0.5056179775280899,0.38202247191011235,0.2449438202247191,0.42921348314606744,0.0696629213483146,0.2606741573033708,0,0,18,1,1,0.04044943820224719,0.0022471910112359553,0,0,3,0,1,12,37.083333333333336,0.0,0.058426966292134834,3,0.0,0.0,0.0044943820224719105,0.0,0.0,0.0,59.03058479532166,0,0,0,0,0,0,0,12,0,openai/gpt-oss-120b
1364,8233,98,4.991202346041056,13.918367346938776,10.963152906417228,0.5212609970674487,0.40982404692082114,0.2756598240469208,0.3878299120234604,0.09970674486803519,0.21041055718475074,4,0,95,17,1,0.06964809384164222,0.012463343108504398,0,3,0,4,1,33,41.333333333333336,0.030612244897959183,0.09750733137829912,3,0.0036656891495601175,0.0,0.0,0.0,0.0007331378299120235,0.0,65.6642549566295,0,0,0,0,1,0,0,6,4,openai/gpt-oss-120b
938,5537,75,4.431769722814499,12.506666666666666,10.211228583730225,0.4275053304904051,0.28251599147121537,0.2025586353944563,0.48933901918976547,0.050106609808102345,0.14818763326226012,0,2,30,19,1,0.031982942430703626,0.02025586353944563,11,3,13,14,1,53,17.69811320754717,0.18666666666666668,0.08422174840085288,9,0.0,0.0,0.0,0.0,0.0,0.013859275053304905,72.34985633290546,0,0,0,1,1,0,0,58,0,openai/gpt-oss-120b
1097,6410,54,4.633546034639927,20.314814814814813,28.749143942531084,0.4421148587055606,0.31175934366453967,0.23062898814949864,0.41567912488605285,0.07474931631722881,0.2105742935278031,9,7,44,14,2,0.040109389243391066,0.01276207839562443,0,11,11,8,1,47,23.340425531914892,0.2037037037037037,0.11941659070191431,20,0.0,0.0,0.0,0.0,0.0018231540565177757,0.010938924339106655,57.4488931888545,0,0,0,1,1,1,0,76,4,openai/gpt-oss-120b
974,6867,105,5.430184804928132,9.276190476190477,14.318076896263898,0.486652977412731,0.3295687885010267,0.311088295687885,0.4086242299794661,0.08829568788501027,0.17248459958932238,1,2,51,28,1,0.052361396303901436,0.028747433264887063,2,0,11,10,1,39,24.974358974358974,0.01904761904761905,0.0944558521560575,19,0.0,0.0,0.0,0.001026694045174538,0.001026694045174538,0.008213552361396304,49.01467340286834,0,0,0,1,0,1,0,164,36,openai/gpt-oss-120b
1578,10161,102,5.082382762991128,15.470588235294118,25.744328170019223,0.47338403041825095,0.33903675538656525,0.2623574144486692,0.4131812420785805,0.05576679340937896,0.1603295310519645,0,0,66,17,36,0.04182509505703422,0.010773130544993664,6,14,17,12,1,73,21.616438356164384,0.19607843137254902,0.06337135614702155,13,0.0019011406844106464,0.0,0.0,0.0,0.0006337135614702154,0.0012674271229404308,48.240800206398376,0,0,0,1,0,1,0,170,20,openai/gpt-oss-120b
1480,12036,211,6.287162162162162,7.014218009478673,6.291235444755632,0.49932432432432433,0.3614864864864865,0.375,0.3527027027027027,0.03445945945945946,0.1358108108108108,0,11,74,118,4,0.05,0.07972972972972973,13,0,25,15,1,69,21.44927536231884,0.061611374407582936,0.11689189189189189,10,0.0,0.0,0.0,0.0,0.0,0.004054054054054054,41.117906130069514,0,0,0,1,0,0,0,318,147,openai/gpt-oss-120b
1763,13229,152,6.432217810550198,11.598684210526315,8.163670809598273,0.5286443562110039,0.41123085649461144,0.46057855927396485,0.3357912648893931,0.08735110606920023,0.17186613726602382,10,0,123,21,18,0.06976744186046512,0.01191151446398185,22,10,13,0,1,39,45.205128205128204,0.21052631578947367,0.11117413499716393,38,0.003970504821327283,0.0005672149744753262,0.0,0.0022688598979013048,0.0,0.0,17.613121072475963,0,0,0,0,0,0,0,128,0,openai/gpt-oss-120b
1164,8046,71,5.866838487972508,16.3943661971831,9.974071012146043,0.5051546391752577,0.38745704467353953,0.38230240549828176,0.359106529209622,0.04896907216494845,0.179553264604811,5,0,46,9,2,0.03951890034364261,0.007731958762886598,7,4,9,0,1,35,33.25714285714286,0.15492957746478872,0.08419243986254296,2,0.001718213058419244,0.0,0.0,0.0,0.0,0.006013745704467354,25.84683124539427,0,0,0,0,0,1,0,38,0,openai/gpt-oss-120b
1710,11743,101,5.8274853801169595,16.93069306930693,13.915686710818958,0.5426900584795321,0.42105263157894735,0.3824561403508772,0.3538011695906433,0.06783625730994151,0.17134502923976608,2,0,81,10,16,0.04736842105263158,0.005847953216374269,13,5,5,0,1,21,81.42857142857143,0.1782178217821782,0.1368421052631579,50,0.0035087719298245615,0.0,0.0,0.0011695906432748538,0.0,0.0,24.829070040433038,0,0,0,0,0,0,0,164,0,openai/gpt-oss-120b
1795,12019,124,5.655153203342619,14.475806451612904,12.559835806196903,0.5158774373259053,0.3966573816155989,0.36323119777158774,0.3554317548746518,0.05181058495821727,0.15988857938718662,2,0,75,28,10,0.04178272980501393,0.015598885793871866,19,8,14,0,1,43,41.74418604651163,0.21774193548387097,0.09025069637883008,30,0.005571030640668524,0.0,0.001671309192200557,0.0022284122562674096,0.0,0.0011142061281337048,37.359321693287455,0,0,0,0,1,0,0,138,0,openai/gpt-oss-120b
1036,7112,63,5.816602316602316,16.444444444444443,11.167027758565547,0.555984555984556,0.4372586872586873,0.38223938223938225,0.33494208494208494,0.05694980694980695,0.1438223938223938,0,0,49,8,5,0.0472972972972973,0.007722007722007722,11,3,6,0,1,29,35.724137931034484,0.2222222222222222,0.08783783783783784,12,0.0019305019305019305,0.0,0.0,0.0009652509652509653,0.0,0.0,30.18723875181422,0,0,0,0,0,1,1,150,0,openai/gpt-oss-120b
1466,10874,146,6.348567530695771,10.04109589041096,8.784062520803834,0.5634379263301501,0.45497953615279674,0.4495225102319236,0.3069577080491132,0.06821282401091405,0.1364256480218281,6,0,84,13,2,0.0572987721691678,0.008867667121418827,16,9,8,0,1,33,44.42424242424242,0.17123287671232876,0.13096862210095497,20,0.01227830832196453,0.0,0.0,0.0006821282401091405,0.0,0.0,12.982664665712122,0,0,0,0,1,0,0,64,0,openai/gpt-oss-120b
1581,11591,98,6.267552182163188,16.132653061224488,13.0597358714075,0.5382669196710942,0.4199873497786211,0.4351676154332701,0.33586337760910817,0.05945604048070841,0.1568627450980392,6,0,79,17,2,0.04996837444655281,0.010752688172043012,14,10,7,0,1,35,45.17142857142857,0.24489795918367346,0.11511701454775458,8,0.010120177103099304,0.0,0.0,0.0018975332068311196,0.0,0.0,7.753941469489433,0,0,0,1,1,0,0,74,0,openai/gpt-oss-120b
1782,13439,166,6.487093153759821,10.734939759036145,13.49454340524179,0.5241301907968574,0.4118967452300786,0.4489337822671156,0.3221099887766554,0.08529741863075196,0.16161616161616163,1,0,125,8,11,0.07014590347923681,0.004489337822671156,6,15,11,0,1,37,48.16216216216216,0.12650602409638553,0.12065095398428732,22,0.006734006734006734,0.0005611672278338945,0.0,0.0005611672278338945,0.0,0.0,4.2256044083236475,0,0,0,0,0,0,0,112,0,openai/gpt-oss-120b
1188,8841,93,6.307239057239057,12.774193548387096,11.249933769479348,0.5883838383838383,0.4831649831649832,0.45791245791245794,0.3274410774410774,0.06734006734006734,0.13720538720538722,0,0,84,4,6,0.0707070707070707,0.003367003367003367,22,11,7,0,1,34,34.94117647058823,0.3548387096774194,0.10101010101010101,24,0.009259259259259259,0.0,0.0,0.0008417508417508417,0.0,0.0,14.60845298339737,0,0,0,0,0,0,0,52,0,openai/gpt-oss-120b
1785,12838,122,6.111484593837535,14.631147540983607,10.195860021450965,0.5557422969187675,0.45322128851540616,0.42521008403361343,0.3434173669467787,0.09187675070028012,0.16358543417366947,0,0,93,8,11,0.052100840336134456,0.004481792717086834,26,8,9,0,1,40,44.625,0.2786885245901639,0.1619047619047619,60,0.0061624649859943975,0.0,0.0,0.0011204481792717086,0.0,0.0,13.139981216771218,0,0,0,1,1,0,0,58,0,openai/gpt-oss-120b
1380,7967,65,4.748550724637681,21.23076923076923,14.038015008704592,0.4731884057971015,0.36594202898550726,0.23695652173913043,0.42681159420289855,0.1072463768115942,0.23768115942028986,1,0,107,12,5,0.07753623188405798,0.008695652173913044,0,0,0,0,1,36,38.333333333333336,0.0,0.07971014492753623,3,0.0036231884057971015,0.0,0.0,0.0014492753623188406,0.0007246376811594203,0.0036231884057971015,63.235061763054475,0,0,0,0,1,0,0,0,6,openai/gpt-oss-120b
1238,7926,65,5.3715670436187395,19.046153846153846,7.982643431460919,0.561389337641357,0.4668820678513732,0.31906300484652667,0.34168012924071084,0.06865912762520193,0.17366720516962844,0,1,66,23,5,0.05331179321486268,0.018578352180936994,21,4,11,0,1,28,44.214285714285715,0.38461538461538464,0.13731825525040386,10,0.0016155088852988692,0.0,0.0,0.0,0.0008077544426494346,0.0024232633279483036,46.03072080446174,0,0,0,0,0,0,0,6,1,openai/gpt-oss-120b
1052,6101,53,4.771863117870723,19.849056603773583,10.4833477740426,0.5104562737642585,0.3935361216730038,0.22338403041825095,0.41730038022813687,0.09220532319391635,0.21482889733840305,0,0,82,6,4,0.0779467680608365,0.005703422053231939,0,0,3,0,1,31,33.935483870967744,0.0,0.08269961977186312,0,0.0076045627376425855,0.0,0.0,0.0,0.0,0.005703422053231939,64.40261680433662,0,0,0,0,1,0,0,0,0,openai/gpt-oss-120b
950,5660,44,4.931578947368421,21.59090909090909,7.567735005126859,0.5305263157894737,0.42526315789473684,0.25157894736842107,0.37894736842105264,0.10842105263157895,0.21789473684210525,0,0,89,4,2,0.09368421052631579,0.004210526315789474,0,0,0,0,1,19,50.0,0.0,0.07052631578947369,0,0.0010526315789473684,0.0,0.0,0.0,0.0,0.0,60.42464832535887,0,0,0,0,1,0,0,0,0,openai/gpt-oss-120b
2123,12909,114,5.014601978332548,18.62280701754386,19.905224906409764,0.49269901083372586,0.3881300047103156,0.2633066415449835,0.3593970796043335,0.08101742816768724,0.20631182289213376,0,0,177,15,1,0.08337258596325954,0.00706547338671691,16,16,0,0,1,56,37.910714285714285,0.2807017543859649,0.08431464908148846,2,0.0018841262364578427,0.0,0.0,0.0009420631182289214,0.004239284032030146,0.0023551577955723034,57.4305764537655,0,0,0,0,1,0,0,12,0,openai/gpt-oss-120b
1743,11842,139,5.722317842799771,12.53956834532374,10.100800481548646,0.5048766494549627,0.37923121055651177,0.37406769936890416,0.3539873780837636,0.09868043602983362,0.1566265060240964,2,3,124,36,18,0.07114170969592656,0.020654044750430294,16,0,9,10,1,33,52.81818181818182,0.11510791366906475,0.14974182444061962,90,0.005737234652897304,0.0,0.0,0.0011474469305794606,0.0,0.0034423407917383822,40.2261109141196,0,0,0,1,0,1,0,140,64,openai/gpt-oss-120b
1643,11286,158,5.58368837492392,10.39873417721519,11.092366520149543,0.5045648204503956,0.3712720632988436,0.3231892878880097,0.37857577601947656,0.05782105903834449,0.13755325623858794,0,1,90,21,24,0.054777845404747415,0.01278149726110773,13,13,20,14,1,70,23.47142857142857,0.16455696202531644,0.12659768715763847,43,0.0018259281801582471,0.0,0.0,0.0,0.0,0.002434570906877663,42.85976635514021,0,0,0,1,0,0,0,164,10,openai/gpt-oss-120b
1621,12042,84,5.531153608883406,19.297619047619047,26.623280289180784,0.44293645897594075,0.2887106724244294,0.28932757557063543,0.4151758173966687,0.061690314620604564,0.14497223935842074,8,2,136,97,0,0.08389882788402221,0.05983960518198643,0,0,19,13,1,54,30.01851851851852,0.0,0.1067242442936459,55,0.0030845157310302285,0.0,0.0,0.0,0.0,0.004935225169648365,48.82637032256568,0,0,0,1,1,0,0,266,89,openai/gpt-oss-120b
1674,10853,101,5.436081242532856,16.574257425742573,31.879805209536954,0.482078853046595,0.35244922341696533,0.34348864994026285,0.3763440860215054,0.13679808841099164,0.1827956989247312,0,0,59,6,10,0.03524492234169654,0.0035842293906810036,2,4,13,4,1,33,50.72727272727273,0.0594059405940594,0.12544802867383512,48,0.0011947431302270011,0.0,0.0,0.0011947431302270011,0.0,0.0035842293906810036,41.92513231429737,0,0,0,1,1,0,0,116,8,openai/gpt-oss-120b
1675,12137,120,6.181492537313432,13.958333333333334,15.628026877684714,0.5247761194029851,0.3946268656716418,0.43701492537313436,0.3397014925373134,0.06746268656716418,0.1791044776119403,6,0,117,6,10,0.06985074626865671,0.003582089552238806,15,19,12,0,1,40,41.875,0.2833333333333333,0.11761194029850747,43,0.0023880597014925373,0.0,0.0,0.001791044776119403,0.0,0.0029850746268656717,11.37078500446924,0,0,0,1,1,0,0,118,0,openai/gpt-oss-120b
1773,12945,139,6.209813874788494,12.755395683453237,9.738441520534955,0.5352509870276367,0.4077834179357022,0.42470389170896783,0.32318104906937395,0.046813310772701636,0.14664410603496897,5,0,69,29,14,0.038917089678511,0.016356457980823462,31,1,10,0,1,36,49.25,0.2302158273381295,0.09588268471517203,40,0.0045121263395375075,0.0,0.0,0.0,0.0005640157924421884,0.0005640157924421884,20.55868521665252,0,0,0,1,0,0,0,120,0,openai/gpt-oss-120b
1572,11811,118,6.444656488549619,13.322033898305085,24.731945523230568,0.5438931297709924,0.40903307888040713,0.4681933842239186,0.31679389312977096,0.089058524173028,0.15648854961832062,0,0,94,14,11,0.05979643765903308,0.008905852417302799,40,2,15,0,1,37,42.486486486486484,0.3559322033898305,0.10368956743002544,50,0.0,0.0,0.0,0.0,0.0006361323155216285,0.0,12.810484775843236,0,0,0,1,0,0,0,102,0,openai/gpt-oss-120b
1707,11018,97,5.438195664909197,17.5979381443299,10.261727429053,0.4967779730521383,0.38547158758055067,0.36203866432337434,0.4153485647334505,0.11072056239015818,0.2173403632103105,3,0,76,1,21,0.04452255418863503,0.0005858230814294083,0,4,11,0,1,26,65.65384615384616,0.041237113402061855,0.20152314001171645,38,0.0011716461628588166,0.0,0.0,0.0011716461628588166,0.0,0.0,29.457050838853206,0,0,0,1,0,0,0,80,0,openai/gpt-oss-120b
1673,11212,118,5.575612671846981,14.177966101694915,10.517333223362625,0.5164375373580394,0.38852361028093246,0.3586371787208607,0.369994022713688,0.0502092050209205,0.16855947399880455,0,0,67,20,18,0.04004781829049611,0.011954572624028692,31,15,11,0,1,45,37.17777777777778,0.3898305084745763,0.15122534369396293,111,0.002988643156007173,0.0,0.0,0.0,0.0,0.0005977286312014345,37.14417300091216,0,0,0,1,1,0,0,138,0,openai/gpt-oss-120b
1194,8532,86,6.085427135678392,13.883720930232558,11.208629663476644,0.5268006700167505,0.42546063651591287,0.41708542713567837,0.3098827470686767,0.06867671691792294,0.17922948073701842,0,0,71,9,2,0.059463986599664995,0.007537688442211055,4,9,7,0,1,30,39.8,0.1511627906976744,0.14154103852596314,14,0.005862646566164154,0.0,0.0008375209380234506,0.0,0.0,0.0,15.278518115942035,0,0,0,1,0,0,0,46,0,openai/gpt-oss-120b
1439,10762,104,6.410701876302988,13.836538461538462,16.686719328308595,0.5747046560111189,0.477414871438499,0.43780403057678946,0.31480194579569143,0.07227241139680333,0.15983321751216123,3,0,123,4,13,0.08547602501737317,0.002779708130646282,13,14,9,0,1,32,44.96875,0.25961538461538464,0.08895066018068103,13,0.005559416261292564,0.0,0.0,0.0020847810979847115,0.0,0.0,16.06186573062928,0,0,0,0,0,0,0,36,0,openai/gpt-oss-120b
1049,7823,103,6.3660629170638705,10.184466019417476,8.679313211435387,0.5719733079122974,0.43469971401334606,0.45376549094375596,0.2859866539561487,0.04575786463298379,0.14585319351763584,5,0,72,10,9,0.06863679694947569,0.009532888465204958,3,9,6,0,1,22,47.68181818181818,0.11650485436893204,0.06482364156339371,4,0.014299332697807437,0.0,0.0,0.0,0.0,0.0,17.731934082397032,0,0,0,0,0,0,0,40,0,openai/gpt-oss-120b
1424,10544,118,6.277387640449438,12.067796610169491,8.549931739720215,0.5512640449438202,0.4339887640449438,0.4438202247191011,0.33707865168539325,0.0449438202247191,0.14747191011235955,9,0,102,7,8,0.07162921348314606,0.0049157303370786515,23,18,9,0,1,47,30.29787234042553,0.3474576271186441,0.08918539325842696,13,0.0049157303370786515,0.0,0.0,0.0007022471910112359,0.0,0.0,13.41788756924629,0,0,0,1,0,0,0,40,0,openai/gpt-oss-120b
1525,11225,97,6.06688524590164,15.721649484536082,20.197590317638767,0.5632786885245902,0.43868852459016394,0.4,0.3140983606557377,0.09573770491803278,0.16,1,0,83,8,2,0.05442622950819672,0.005245901639344262,24,7,8,2,1,38,40.13157894736842,0.31958762886597936,0.09901639344262295,2,0.005245901639344262,0.0,0.0,0.0019672131147540984,0.0006557377049180328,0.003934426229508197,23.8527140672783,0,0,0,0,1,0,0,90,0,openai/gpt-oss-120b
1266,8134,59,4.792259083728278,21.45762711864407,33.785507978811324,0.46208530805687204,0.3222748815165877,0.25908372827804105,0.46208530805687204,0.05055292259083728,0.12954186413902052,2,3,55,43,1,0.04344391785150079,0.0339652448657188,9,7,15,12,1,68,18.61764705882353,0.2711864406779661,0.0703001579778831,19,0.0,0.0,0.0,0.0007898894154818325,0.0071090047393364926,0.002369668246445498,41.74746535991892,0,0,0,1,1,0,0,140,16,openai/gpt-oss-120b
534,3202,32,4.943820224719101,16.6875,16.091347103735696,0.5543071161048689,0.4344569288389513,0.2808988764044944,0.3838951310861423,0.052434456928838954,0.19662921348314608,0,0,27,15,1,0.05056179775280899,0.028089887640449437,9,0,4,0,1,12,44.5,0.28125,0.11423220973782772,0,0.003745318352059925,0.0,0.0018726591760299626,0.0,0.0,0.0018726591760299626,50.947352342158894,0,0,0,0,0,1,0,22,22,gemma-4-26b-a4b-it
625,4028,44,5.384,14.204545454545455,6.69933416274345,0.5872,0.4848,0.3264,0.3648,0.048,0.1552,4,0,43,14,4,0.0688,0.0224,16,0,5,0,1,8,78.125,0.36363636363636365,0.1072,1,0.0048,0.0,0.0,0.0032,0.0048,0.0048,45.699559602649,0,0,0,0,0,1,0,18,25,gemma-4-26b-a4b-it
616,4104,38,5.607142857142857,16.210526315789473,11.122011801600284,0.5616883116883117,0.43344155844155846,0.36363636363636365,0.3344155844155844,0.048701298701298704,0.18181818181818182,0,0,24,23,2,0.03896103896103896,0.037337662337662336,11,3,6,0,1,11,56.0,0.3684210526315789,0.14123376623376624,3,0.0,0.0,0.0016233766233766235,0.003246753246753247,0.0,0.006493506493506494,28.89547007174218,0,0,0,1,0,1,0,14,24,gemma-4-26b-a4b-it
563,3733,33,5.566607460035524,17.060606060606062,8.75335433540835,0.6234458259325044,0.5062166962699822,0.3410301953818828,0.3108348134991119,0.06571936056838366,0.16873889875666073,0,0,36,19,0,0.06394316163410302,0.03374777975133215,16,0,4,0,1,6,93.83333333333333,0.48484848484848486,0.11367673179396093,2,0.0,0.0,0.0017761989342806395,0.0,0.0,0.007104795737122558,46.68449447513814,0,0,0,0,0,0,0,28,10,gemma-4-26b-a4b-it
590,3670,40,5.183050847457627,14.75,9.330814678478111,0.5271186440677966,0.39322033898305087,0.29152542372881357,0.3813559322033898,0.08644067796610169,0.19830508474576272,2,0,28,17,0,0.04745762711864407,0.0288135593220339,7,0,5,0,1,10,59.0,0.175,0.12372881355932204,1,0.001694915254237288,0.0,0.0,0.0,0.0,0.015254237288135594,47.44120182555784,0,0,0,0,0,1,0,12,21,gemma-4-26b-a4b-it
613,4170,39,5.7520391517128875,15.717948717948717,10.326714174461577,0.5840130505709625,0.4698205546492659,0.38499184339314846,0.3605220228384992,0.040783034257748776,0.1533442088091354,0,0,31,14,0,0.05057096247960848,0.022838499184339316,3,9,4,0,1,17,36.05882352941177,0.3076923076923077,0.10277324632952692,1,0.004893964110929853,0.0,0.0,0.008156606851549755,0.0,0.004893964110929853,25.323507726269355,0,0,0,0,0,0,1,6,30,gemma-4-26b-a4b-it
578,3621,35,5.197231833910035,16.514285714285716,8.90453571515781,0.6228373702422145,0.5155709342560554,0.2958477508650519,0.3633217993079585,0.031141868512110725,0.1245674740484429,6,0,30,16,1,0.05190311418685121,0.02768166089965398,13,3,4,0,1,12,48.166666666666664,0.45714285714285713,0.1384083044982699,2,0.0034602076124567475,0.0,0.0,0.00865051903114187,0.010380622837370242,0.03633217993079585,52.541063644289494,0,0,0,0,0,0,0,36,29,gemma-4-26b-a4b-it
616,4343,49,6.00487012987013,12.571428571428571,9.520922181368435,0.6266233766233766,0.5097402597402597,0.4253246753246753,0.3051948051948052,0.032467532467532464,0.13636363636363635,0,1,42,13,2,0.06818181818181818,0.021103896103896104,3,4,4,0,1,20,30.8,0.14285714285714285,0.16396103896103897,12,0.00487012987012987,0.0,0.0,0.003246753246753247,0.0,0.003246753246753247,28.576841584158444,0,0,0,0,0,0,1,12,22,gemma-4-26b-a4b-it
681,4667,39,5.8017621145374445,17.46153846153846,10.059606429253135,0.55359765051395,0.4419970631424376,0.3700440528634361,0.32158590308370044,0.039647577092511016,0.14096916299559473,1,0,42,15,0,0.06167400881057269,0.022026431718061675,14,0,6,0,1,9,75.66666666666667,0.358974358974359,0.09691629955947137,1,0.033773861967694566,0.0,0.0,0.0,0.0,0.0,32.80064447806356,0,0,0,0,0,1,0,18,27,gemma-4-26b-a4b-it
602,4124,33,5.79734219269103,18.242424242424242,10.867574092991806,0.5564784053156147,0.4152823920265781,0.38205980066445183,0.27408637873754155,0.03488372093023256,0.1362126245847176,2,0,22,15,0,0.036544850498338874,0.024916943521594685,12,0,4,0,1,10,60.2,0.36363636363636365,0.08637873754152824,1,0.018272425249169437,0.0,0.0016611295681063123,0.0033222591362126247,0.0,0.0016611295681063123,27.625731513083053,0,0,0,0,0,1,0,22,14,gemma-4-26b-a4b-it
1186,6578,104,4.516863406408095,11.403846153846153,7.412767531729448,0.4822934232715008,0.3844856661045531,0.19983136593591905,0.4266441821247892,0.06745362563237774,0.22849915682967958,1,0,87,4,3,0.0733558178752108,0.003372681281618887,0,0,0,0,0,32,37.0625,0.0,0.09021922428330523,0,0.0016863406408094434,0.0,0.0008431703204047217,0.0016863406408094434,0.005902192242833052,0.0008431703204047217,80.04464501677823,0,0,0,0,1,0,0,0,32,gemma-4-26b-a4b-it
640,3749,67,4.8203125,9.552238805970148,7.213328785411111,0.5546875,0.45625,0.240625,0.390625,0.0828125,0.2171875,1,0,39,1,1,0.0609375,0.0015625,0,0,0,0,0,23,27.82608695652174,0.0,0.109375,2,0.0015625,0.0,0.0,0.003125,0.0,0.0015625,68.49269467213117,0,0,0,0,1,0,0,2,14,gemma-4-26b-a4b-it
929,5102,128,4.445640473627557,7.2578125,5.395549894257056,0.5080731969860065,0.3832077502691066,0.19268030139935413,0.4294940796555436,0.07642626480086114,0.2163616792249731,14,0,65,3,5,0.06996770721205597,0.0032292787944025836,0,0,0,0,1,42,22.11904761904762,0.0,0.11194833153928956,8,0.0,0.0,0.001076426264800861,0.0,0.006458557588805167,0.0032292787944025836,87.93206709385221,0,0,0,0,1,0,0,0,72,gemma-4-26b-a4b-it
666,3827,80,4.708708708708708,8.325,7.000621581805831,0.5615615615615616,0.4369369369369369,0.2147147147147147,0.37537537537537535,0.07357357357357357,0.19369369369369369,1,0,57,12,0,0.08558558558558559,0.018018018018018018,0,0,0,0,0,25,26.64,0.0,0.14864864864864866,6,0.0,0.0,0.0,0.0,0.003003003003003003,0.0015015015015015015,80.80508868243244,0,0,0,0,1,0,0,2,23,gemma-4-26b-a4b-it
755,4484,98,4.905960264900663,7.704081632653061,6.748744340900344,0.5496688741721855,0.45298013245033114,0.26490066225165565,0.3933774834437086,0.09403973509933775,0.22649006622516557,4,0,54,0,0,0.07152317880794702,0.0,0,0,0,0,0,27,27.962962962962962,0.0,0.10331125827814569,1,0.0013245033112582781,0.0,0.0,0.0,0.0,0.0013245033112582781,74.59956905653135,0,0,0,0,0,0,0,0,20,gemma-4-26b-a4b-it
666,3785,60,4.381381381381382,11.1,7.597557591485056,0.4114114114114114,0.26576576576576577,0.1996996996996997,0.47147147147147145,0.052552552552552555,0.17117117117117117,2,0,20,26,1,0.03003003003003003,0.03903903903903904,22,6,12,12,1,25,26.64,0.4666666666666667,0.13963963963963963,3,0.0,0.0,0.0,0.0,0.0,0.012012012012012012,80.15956027955738,0,0,0,1,1,0,0,34,17,gemma-4-26b-a4b-it
409,2436,32,4.69437652811736,12.78125,8.566097372406432,0.5427872860635696,0.38386308068459657,0.22249388753056235,0.3863080684596577,0.07823960880195599,0.18581907090464547,1,4,21,10,0,0.05134474327628362,0.02444987775061125,6,3,6,2,1,17,24.058823529411764,0.28125,0.15647921760391198,6,0.0,0.0,0.0,0.0024449877750611247,0.0,0.03178484107579462,71.78158119658123,0,0,0,0,1,1,0,18,10,gemma-4-26b-a4b-it
591,3313,40,4.483925549915398,14.775,15.971910439171738,0.45346869712351945,0.32318104906937395,0.21996615905245348,0.45346869712351945,0.08967851099830795,0.2470389170896785,0,1,19,24,0,0.032148900169204735,0.04060913705583756,18,0,6,0,1,14,42.214285714285715,0.45,0.13874788494077833,8,0.0,0.0,0.0,0.001692047377326565,0.0,0.03722504230118443,73.06485612989418,0,0,0,1,1,1,0,26,10,gemma-4-26b-a4b-it
701,4308,59,5.055634807417975,11.88135593220339,8.540548588519924,0.5420827389443652,0.3880171184022825,0.2710413694721826,0.3637660485021398,0.05848787446504993,0.15834522111269614,0,1,37,22,1,0.052781740370898715,0.03138373751783167,14,6,8,0,1,25,28.04,0.3389830508474576,0.12981455064194009,5,0.0014265335235378032,0.0,0.0,0.0014265335235378032,0.0,0.012838801711840228,58.788846972721245,0,0,0,1,1,0,0,52,26,gemma-4-26b-a4b-it
777,5482,83,5.633204633204633,9.36144578313253,6.16405646669431,0.4942084942084942,0.3642213642213642,0.3384813384813385,0.3745173745173745,0.04118404118404118,0.18275418275418276,0,9,25,43,1,0.032175032175032175,0.055341055341055344,2,0,16,10,1,46,16.891304347826086,0.024096385542168676,0.1583011583011583,5,0.0,0.0,0.0,0.0,0.0,0.005148005148005148,49.645640217929696,0,0,0,1,0,1,0,154,50,gemma-4-26b-a4b-it
756,5063,46,5.661375661375661,16.434782608695652,14.902209413728828,0.5343915343915344,0.41798941798941797,0.3835978835978836,0.3611111111111111,0.06349206349206349,0.20767195767195767,7,0,25,14,2,0.03306878306878307,0.018518518518518517,6,0,9,0,1,17,44.470588235294116,0.13043478260869565,0.1335978835978836,9,0.005291005291005291,0.0,0.0013227513227513227,0.0026455026455026454,0.0,0.0,30.547391025641048,0,0,0,0,0,1,1,30,39,gemma-4-26b-a4b-it
728,4701,41,5.427197802197802,17.75609756097561,9.237318267792217,0.5068681318681318,0.37774725274725274,0.33653846153846156,0.3942307692307692,0.059065934065934064,0.21016483516483517,2,0,27,11,2,0.03708791208791209,0.01510989010989011,2,0,5,0,1,17,42.8235294117647,0.04878048780487805,0.09615384615384616,1,0.004120879120879121,0.0,0.0013736263736263737,0.0027472527472527475,0.0,0.0027472527472527475,35.913584558132555,0,0,0,1,0,1,1,18,41,gemma-4-26b-a4b-it
807,4967,51,5.1053283767038415,15.823529411764707,9.348041631964483,0.49566294919454773,0.3828996282527881,0.3048327137546468,0.37670384138785623,0.0768277571251549,0.1970260223048327,0,0,40,16,1,0.04956629491945477,0.01982651796778191,12,0,10,0,1,17,47.470588235294116,0.23529411764705882,0.17224287484510534,3,0.0024783147459727386,0.0,0.0,0.0,0.0,0.0,46.07118619618288,0,0,0,0,0,1,0,36,28,gemma-4-26b-a4b-it
767,4647,43,5.0130378096479795,17.837209302325583,10.193857399540693,0.516297262059974,0.38722294654498046,0.2842242503259452,0.363754889178618,0.07301173402868318,0.19556714471968709,2,0,28,19,1,0.03650586701434159,0.024771838331160364,10,0,4,0,1,14,54.785714285714285,0.23255813953488372,0.1290743155149935,0,0.001303780964797914,0.0,0.002607561929595828,0.003911342894393742,0.0,0.01564537157757497,51.530314957852795,0,0,0,0,0,1,0,20,18,gemma-4-26b-a4b-it
681,4253,41,5.192364170337739,16.609756097560975,9.07684000025581,0.4831130690161527,0.3377386196769457,0.29515418502202645,0.342143906020558,0.0763582966226138,0.1894273127753304,2,0,39,15,1,0.05726872246696035,0.022026431718061675,8,2,7,0,1,18,37.833333333333336,0.24390243902439024,0.09691629955947137,0,0.002936857562408223,0.0,0.002936857562408223,0.004405286343612335,0.0,0.007342143906020558,50.45453711630185,0,0,0,0,0,1,0,26,20,gemma-4-26b-a4b-it
680,4753,27,5.9411764705882355,25.185185185185187,8.860424510548155,0.5397058823529411,0.41911764705882354,0.4088235294117647,0.3205882352941177,0.054411764705882354,0.18088235294117647,0,0,23,12,0,0.033823529411764704,0.01764705882352941,11,0,4,0,1,13,52.30769230769231,0.4074074074074074,0.08088235294117647,0,0.01911764705882353,0.0,0.0,0.004411764705882353,0.0,0.0,11.872617655249257,0,0,0,0,0,0,1,6,22,gemma-4-26b-a4b-it
706,4793,42,5.7280453257790365,16.80952380952381,11.88028261375033,0.5849858356940509,0.4603399433427762,0.3881019830028329,0.3328611898016997,0.04107648725212465,0.15155807365439095,3,0,40,15,0,0.056657223796033995,0.021246458923512748,12,0,4,0,1,20,35.3,0.2857142857142857,0.141643059490085,2,0.012747875354107648,0.0,0.0,0.0,0.0,0.0028328611898017,28.548681222707444,0,0,0,0,1,0,1,14,32,gemma-4-26b-a4b-it
620,4566,31,6.317741935483871,20.0,8.966604708583958,0.5709677419354838,0.4467741935483871,0.4306451612903226,0.2887096774193548,0.041935483870967745,0.15,0,0,36,13,0,0.05806451612903226,0.020967741935483872,8,3,3,0,1,12,51.666666666666664,0.3548387096774194,0.10483870967741936,0,0.01129032258064516,0.0,0.0,0.0032258064516129032,0.0,0.0,7.985024630541915,0,0,0,0,0,0,0,4,18,gemma-4-26b-a4b-it
706,4743,30,5.668555240793201,23.533333333333335,8.328320331269078,0.5538243626062322,0.4192634560906516,0.3668555240793201,0.34419263456090654,0.05099150141643059,0.15722379603399433,0,0,41,13,0,0.05807365439093484,0.018413597733711047,12,0,4,0,1,13,54.30769230769231,0.4,0.11189801699716714,22,0.014164305949008499,0.0,0.0,0.0,0.0,0.0,23.730869565217432,0,0,0,0,0,0,1,14,8,gemma-4-26b-a4b-it
687,4538,34,5.556040756914119,20.205882352941178,10.959657020018232,0.5895196506550219,0.4861717612809316,0.3537117903930131,0.3726346433770015,0.043668122270742356,0.1572052401746725,4,0,38,17,0,0.055312954876273655,0.024745269286754003,8,3,4,0,1,16,42.9375,0.3235294117647059,0.1324599708879185,22,0.023289665211062592,0.0,0.0,0.0,0.0,0.0,30.935784403010132,0,0,0,0,0,0,1,12,30,gemma-4-26b-a4b-it
899,5110,70,4.649610678531702,12.842857142857143,9.084933948286057,0.4783092324805339,0.37263626251390436,0.21913236929922136,0.43270300333704115,0.09010011123470522,0.26473859844271413,0,0,64,4,1,0.07119021134593993,0.004449388209121246,0,0,0,0,0,29,31.0,0.0,0.10901001112347053,1,0.0011123470522803114,0.0,0.0,0.002224694104560623,0.0,0.0,75.22077479879607,0,0,0,0,0,0,0,0,10,gemma-4-26b-a4b-it
884,5130,65,4.780542986425339,13.6,7.056843377994049,0.498868778280543,0.4061085972850679,0.2319004524886878,0.417420814479638,0.09954751131221719,0.24434389140271492,1,0,55,3,9,0.06221719457013575,0.003393665158371041,0,0,0,0,0,22,40.18181818181818,0.0,0.1085972850678733,1,0.0011312217194570137,0.0,0.0,0.0,0.0,0.0011312217194570137,69.95905429864256,0,0,0,0,0,0,0,2,29,gemma-4-26b-a4b-it
760,4274,60,4.597368421052631,12.666666666666666,8.384138912895855,0.48026315789473684,0.37105263157894736,0.22894736842105262,0.46578947368421053,0.08552631578947369,0.24078947368421053,0,0,50,0,4,0.06578947368421052,0.0,0,0,0,0,0,20,38.0,0.0,0.09210526315789473,0,0.0,0.0,0.0,0.0,0.0,0.0,73.75728070175441,0,0,0,0,0,0,0,0,9,gemma-4-26b-a4b-it
772,4370,55,4.630829015544041,14.036363636363637,9.283525105467124,0.483160621761658,0.3795336787564767,0.2189119170984456,0.4119170984455959,0.11658031088082901,0.25777202072538863,0,0,56,1,4,0.07253886010362694,0.0012953367875647669,0,0,0,0,0,22,35.09090909090909,0.0,0.08160621761658031,1,0.0,0.0,0.0,0.0,0.0,0.0,73.13990438059352,0,0,0,0,0,0,1,0,9,gemma-4-26b-a4b-it
889,5092,70,4.697412823397076,12.7,9.751837964471118,0.530933633295838,0.43869516310461193,0.2215973003374578,0.4015748031496063,0.08211473565804274,0.21597300337457817,1,0,52,3,4,0.05849268841394826,0.003374578177727784,0,0,0,0,1,27,32.925925925925924,0.0,0.0922384701912261,1,0.0011248593925759281,0.0,0.0,0.0022497187851518562,0.0011248593925759281,0.0022497187851518562,73.1840403129756,0,0,0,0,1,0,0,0,34,gemma-4-26b-a4b-it
781,4631,41,4.610755441741357,19.048780487804876,31.368735406063305,0.49295774647887325,0.3444302176696543,0.23687580025608196,0.47759282970550576,0.056338028169014086,0.16005121638924455,1,1,37,46,0,0.04737516005121639,0.058898847631242,8,9,8,2,1,35,22.314285714285713,0.4146341463414634,0.1088348271446863,20,0.0012804097311139564,0.0,0.0012804097311139564,0.0,0.0012804097311139564,0.0076824583866837385,53.44884375000001,0,0,0,1,1,0,0,82,3,gemma-4-26b-a4b-it
784,4947,65,5.225765306122449,12.061538461538461,9.100480756531493,0.5204081632653061,0.38392857142857145,0.3125,0.39413265306122447,0.04591836734693878,0.17729591836734693,1,0,35,25,1,0.044642857142857144,0.03188775510204082,18,0,7,0,1,16,49.0,0.27692307692307694,0.15433673469387754,31,0.002551020408163265,0.0,0.0,0.00510204081632653,0.0,0.021683673469387755,53.42202054438732,0,0,0,0,0,1,0,48,15,gemma-4-26b-a4b-it
927,5682,80,4.919093851132686,11.5875,8.64749177068418,0.49838187702265374,0.35275080906148865,0.27939590075512405,0.4228694714131607,0.036677454153182305,0.14455231930960086,2,0,35,17,3,0.037756202804746494,0.018338727076591153,10,7,11,6,1,28,33.107142857142854,0.2125,0.18230852211434737,29,0.0010787486515641855,0.0,0.0,0.003236245954692557,0.0,0.0010787486515641855,54.01203317942662,0,0,0,1,0,1,0,62,33,gemma-4-26b-a4b-it
688,4863,48,5.468023255813954,14.333333333333334,11.57673673076024,0.5188953488372093,0.36191860465116277,0.3023255813953488,0.3953488372093023,0.040697674418604654,0.1511627906976744,1,0,34,42,0,0.04941860465116279,0.061046511627906974,13,2,12,2,1,22,31.272727272727273,0.3125,0.14680232558139536,41,0.0029069767441860465,0.0,0.0,0.0,0.0,0.00872093023255814,46.55076555023925,0,0,0,0,0,1,0,104,42,gemma-4-26b-a4b-it
839,5585,64,5.530393325387366,13.109375,13.01859742707539,0.5566150178784267,0.432657926102503,0.3528009535160906,0.3289630512514899,0.03933253873659118,0.1573301549463647,0,0,26,38,0,0.03098927294398093,0.04529201430274136,33,0,15,0,1,23,36.47826086956522,0.515625,0.17401668653158522,10,0.0023837902264600714,0.0,0.0,0.0023837902264600714,0.0,0.007151370679380214,45.10393738711622,0,0,0,0,0,1,0,38,24,gemma-4-26b-a4b-it
774,4974,52,5.3824289405684755,14.884615384615385,9.883331489295507,0.5297157622739018,0.41472868217054265,0.3423772609819121,0.38113695090439276,0.06976744186046512,0.19638242894056848,1,0,33,23,3,0.04263565891472868,0.029715762273901807,9,3,7,0,1,14,55.285714285714285,0.23076923076923078,0.14857881136950904,6,0.006459948320413436,0.0,0.0012919896640826874,0.002583979328165375,0.0,0.01937984496124031,35.73000000000002,0,0,0,0,1,1,0,36,35,gemma-4-26b-a4b-it
871,5721,56,5.529276693455798,15.553571428571429,9.166975594951781,0.5120551090700345,0.39150401836969,0.3582089552238806,0.3639494833524684,0.05625717566016074,0.1687715269804822,5,0,41,10,3,0.04707233065442021,0.011481056257175661,7,2,7,0,1,20,43.55,0.16071428571428573,0.13088404133180254,7,0.004592422502870264,0.0,0.001148105625717566,0.0,0.001148105625717566,0.003444316877152698,37.0245653994306,0,0,0,0,0,1,0,32,49,gemma-4-26b-a4b-it
743,5114,42,5.839838492597577,17.69047619047619,16.194376793234568,0.5800807537012113,0.4616419919246299,0.3714670255720054,0.29878869448183043,0.04306864064602961,0.14535666218034993,0,0,27,19,1,0.03633916554508748,0.02557200538358008,8,2,6,0,1,15,49.53333333333333,0.23809523809523808,0.12920592193808883,11,0.005383580080753701,0.0,0.0013458950201884253,0.0013458950201884253,0.0013458950201884253,0.0,32.68401292596948,0,0,0,0,0,1,0,26,35,gemma-4-26b-a4b-it
778,4982,52,5.3573264781491,14.961538461538462,9.220280617239016,0.5642673521850899,0.42802056555269924,0.3226221079691517,0.36118251928020567,0.04498714652956298,0.12724935732647816,1,0,30,14,1,0.038560411311053984,0.017994858611825194,9,3,3,0,1,17,45.76470588235294,0.23076923076923078,0.12467866323907455,8,0.005141388174807198,0.0,0.0038560411311053984,0.0038560411311053984,0.0,0.0038560411311053984,47.32932163444218,0,0,0,0,0,0,0,42,22,gemma-4-26b-a4b-it
709,4280,52,4.988716502115656,13.634615384615385,8.854190067398765,0.5260930888575458,0.4019746121297602,0.2863187588152327,0.4033850493653032,0.09167842031029619,0.21156558533145275,0,0,13,25,1,0.018335684062059238,0.03526093088857546,6,3,7,0,1,18,39.388888888888886,0.17307692307692307,0.18053596614950634,44,0.0014104372355430183,0.0,0.0014104372355430183,0.0014104372355430183,0.0,0.0028208744710860366,54.51364035087724,0,0,0,0,1,1,0,30,44,gemma-4-26b-a4b-it
736,4812,47,5.501358695652174,15.659574468085106,10.679547226108024,0.5339673913043478,0.41983695652173914,0.35054347826086957,0.360054347826087,0.036684782608695655,0.16032608695652173,1,0,41,6,0,0.05570652173913043,0.008152173913043478,3,0,4,0,1,22,33.45454545454545,0.06382978723404255,0.11820652173913043,2,0.009510869565217392,0.0,0.001358695652173913,0.002717391304347826,0.0,0.001358695652173913,28.556244136698695,0,0,0,1,0,0,1,16,21,gemma-4-26b-a4b-it
626,4222,37,5.694888178913738,16.91891891891892,8.132535775398603,0.5750798722044729,0.4728434504792332,0.3514376996805112,0.38498402555910544,0.07188498402555911,0.19169329073482427,0,0,38,16,2,0.06070287539936102,0.025559105431309903,6,3,4,0,1,15,41.733333333333334,0.24324324324324326,0.12140575079872204,10,0.006389776357827476,0.0,0.0,0.006389776357827476,0.0,0.007987220447284345,32.627114210097744,0,0,0,0,0,0,1,14,49,gemma-4-26b-a4b-it
723,4892,41,5.734439834024896,17.634146341463413,11.535258780016651,0.5504840940525588,0.41770401106500693,0.40525587828492393,0.3112033195020747,0.05255878284923928,0.1798063623789765,0,0,26,6,0,0.035961272475795295,0.008298755186721992,2,0,4,0,1,21,34.42857142857143,0.04878048780487805,0.0995850622406639,0,0.012448132780082987,0.0,0.0,0.0013831258644536654,0.0,0.0,24.872424242424245,0,0,0,0,0,0,1,14,24,gemma-4-26b-a4b-it
734,4853,38,5.576294277929155,19.31578947368421,13.023122013178256,0.5190735694822888,0.391008174386921,0.36103542234332425,0.3637602179836512,0.07220708446866485,0.19482288828337874,0,0,28,18,0,0.03814713896457766,0.02452316076294278,8,0,4,0,1,12,61.166666666666664,0.21052631578947367,0.11580381471389646,5,0.01226158038147139,0.0,0.0013623978201634877,0.0,0.0,0.004087193460490463,22.921687979539655,0,0,0,0,1,1,1,8,14,gemma-4-26b-a4b-it
662,4555,33,5.835347432024169,20.060606060606062,7.33466757834658,0.5634441087613293,0.4425981873111782,0.3429003021148036,0.30966767371601206,0.04078549848942598,0.1419939577039275,0,0,36,14,1,0.054380664652567974,0.021148036253776436,10,0,3,0,1,12,55.166666666666664,0.30303030303030304,0.1163141993957704,0,0.00906344410876133,0.0,0.0030211480362537764,0.0015105740181268882,0.0,0.015105740181268883,31.099835644581418,0,0,0,0,0,0,1,12,30,gemma-4-26b-a4b-it
